symbol,timestamp,type,maturity,strike,underlying,bid,ask
AAPL,1328020230,C,1390021200,330.0,455.25,149.75,152.25
AAPL,1328020230,C,1390021200,340.0,455.25,142.7,145.2
AAPL,1328020230,C,1390021200,430.0,455.25,90.0,90.25
AAPL,1328020230,C,1390021200,590.0,455.25,30.95,32.6
AAPL,1328020230,C,1350705600,550.0,455.25,11.75,11.95
AAPL,1328020230,C,1350705600,510.0,455.25,21.1,21.45
AAPL,1328020230,C,1350705600,540.0,455.25,13.65,14.0
AAPL,1328020230,C,1350705600,490.0,455.25,27.5,28.1
AAPL,1328020230,C,1350705600,500.0,455.25,24.2,24.75
AAPL,1328020230,C,1350705600,560.0,455.25,10.1,10.3
AAPL,1328020230,C,1350705600,570.0,455.25,8.65,8.95
AAPL,1328020230,C,1350705600,265.0,455.25,190.7,194.1
AAPL,1328020230,C,1350705600,235.0,455.25,219.75,223.2
AAPL,1328020230,C,1350705600,225.0,455.25,229.55,233.05
AAPL,1328020230,C,1350705600,545.0,455.25,12.65,13.0
AAPL,1328020230,C,1350705600,505.0,455.25,22.6,23.0
AAPL,1328020230,C,1350705600,515.0,455.25,19.65,20.0
AAPL,1328020230,C,1350705600,495.0,455.25,25.6,26.35
AAPL,1328020230,C,1350705600,485.0,455.25,29.6,29.95
AAPL,1328020230,C,1350705600,275.0,455.25,181.5,184.55
AAPL,1328020230,C,1350705600,270.0,455.25,185.9,189.4
AAPL,1328020230,C,1350705600,230.0,455.25,224.65,228.15
AAPL,1328020230,C,1350705600,240.0,455.25,214.9,218.3
AAPL,1328020230,C,1350705600,210.0,455.25,244.3,247.8
AAPL,1328020230,C,1337400000,340.0,455.25,116.5,117.6
AAPL,1328020230,C,1337400000,335.0,455.25,120.4,123.65
AAPL,1328020230,C,1350705600,220.0,455.25,234.45,237.95
AAPL,1328020230,C,1350705600,195.0,455.25,259.15,262.6
AAPL,1328020230,C,1350705600,200.0,455.25,255.05,257.15
AAPL,1328020230,C,1350705600,575.0,455.25,8.0,8.3
AAPL,1328020230,C,1350705600,565.0,455.25,9.35,9.65
AAPL,1328020230,C,1337400000,330.0,455.25,126.45,127.2
AAPL,1328020230,C,1350705600,555.0,455.25,10.9,11.25
AAPL,1328020230,C,1337400000,470.0,455.25,18.8,19.1
AAPL,1328020230,C,1337400000,465.0,455.25,21.0,21.25
AAPL,1328020230,C,1337400000,430.0,455.25,40.65,41.0
AAPL,1328020230,C,1337400000,425.0,455.25,43.95,44.5
AAPL,1328020230,C,1337400000,440.0,455.25,34.25,34.6
AAPL,1328020230,C,1337400000,435.0,455.25,37.35,37.75
AAPL,1328020230,C,1337400000,450.0,455.25,28.45,28.8
AAPL,1328020230,C,1337400000,445.0,455.25,31.25,31.7
AAPL,1328020230,C,1337400000,460.0,455.25,23.25,23.6
AAPL,1328020230,C,1337400000,455.0,455.25,25.8,26.1
AAPL,1328020230,C,1337400000,390.0,455.25,71.15,71.8
AAPL,1328020230,C,1337400000,385.0,455.25,75.2,76.1
AAPL,1328020230,C,1337400000,400.0,455.25,62.65,63.5
AAPL,1328020230,C,1337400000,395.0,455.25,66.9,67.65
AAPL,1328020230,C,1337400000,410.0,455.25,55.05,55.55
AAPL,1328020230,C,1337400000,405.0,455.25,58.95,59.5
AAPL,1328020230,C,1337400000,420.0,455.25,47.35,48.1
AAPL,1328020230,C,1337400000,415.0,455.25,51.0,51.85
AAPL,1328020230,C,1337400000,350.0,455.25,107.35,108.15
AAPL,1328020230,C,1337400000,345.0,455.25,110.65,113.9
AAPL,1328020230,C,1350705600,215.0,455.25,239.35,242.85
AAPL,1328020230,C,1337400000,360.0,455.25,97.85,98.75
AAPL,1328020230,C,1337400000,355.0,455.25,102.45,103.45
AAPL,1328020230,C,1337400000,370.0,455.25,88.85,89.4
AAPL,1328020230,C,1337400000,365.0,455.25,93.25,94.1
AAPL,1328020230,C,1350705600,205.0,455.25,249.25,252.75
AAPL,1328020230,C,1337400000,380.0,455.25,79.95,80.5
AAPL,1328020230,C,1337400000,375.0,455.25,84.25,84.9
AAPL,1328020230,C,1329541200,320.0,455.25,135.0,136.2
AAPL,1328020230,C,1329541200,310.0,455.25,145.0,146.15
AAPL,1328020230,C,1329541200,350.0,455.25,104.9,106.2
AAPL,1328020230,C,1329541200,340.0,455.25,115.0,116.2
AAPL,1328020230,C,1329541200,330.0,455.25,125.0,126.2
AAPL,1328020230,C,1329541200,360.0,455.25,95.1,95.6
AAPL,1328020230,C,1329541200,390.0,455.25,65.15,65.7
AAPL,1328020230,C,1329541200,380.0,455.25,75.1,75.7
AAPL,1328020230,C,1329541200,370.0,455.25,85.15,85.6
AAPL,1328020230,C,1329541200,400.0,455.25,55.25,55.95
AAPL,1328020230,C,1329541200,420.0,455.25,35.6,36.1
AAPL,1328020230,C,1337400000,530.0,455.25,4.1,4.3
AAPL,1328020230,C,1329541200,410.0,455.25,45.25,45.85
AAPL,1328020230,C,1329541200,430.0,455.25,26.3,26.6
AAPL,1328020230,C,1329541200,450.0,455.25,10.5,10.75
AAPL,1328020230,C,1329541200,440.0,455.25,17.7,18.0
AAPL,1328020230,C,1329541200,300.0,455.25,154.95,156.0
AAPL,1328020230,C,1329541200,495.0,455.25,0.24,0.31
AAPL,1328020230,C,1337400000,525.0,455.25,4.65,4.9
AAPL,1328020230,C,1337400000,495.0,455.25,10.4,10.65
AAPL,1328020230,C,1337400000,500.0,455.25,9.2,9.45
AAPL,1328020230,C,1329541200,485.0,455.25,0.58,0.65
AAPL,1328020230,C,1337400000,485.0,455.25,13.3,13.6
AAPL,1328020230,C,1337400000,490.0,455.25,11.8,12.1
AAPL,1328020230,C,1329541200,475.0,455.25,1.5,1.6
AAPL,1328020230,C,1329541200,465.0,455.25,3.6,3.75
AAPL,1328020230,C,1337400000,475.0,455.25,16.75,17.1
AAPL,1328020230,C,1329541200,460.0,455.25,5.35,5.5
AAPL,1328020230,C,1329541200,295.0,455.25,158.5,162.65
AAPL,1328020230,C,1329541200,335.0,455.25,120.0,121.2
AAPL,1328020230,C,1329541200,325.0,455.25,130.0,131.2
AAPL,1328020230,C,1329541200,315.0,455.25,140.0,141.2
AAPL,1328020230,C,1329541200,305.0,455.25,150.0,151.15
AAPL,1328020230,C,1329541200,375.0,455.25,80.2,80.6
AAPL,1328020230,C,1329541200,365.0,455.25,90.1,91.15
AAPL,1328020230,C,1329541200,355.0,455.25,100.1,101.2
AAPL,1328020230,C,1329541200,345.0,455.25,109.8,111.2
AAPL,1328020230,C,1329541200,395.0,455.25,60.25,60.7
AAPL,1328020230,C,1329541200,385.0,455.25,70.2,70.75
AAPL,1328020230,C,1329541200,425.0,455.25,30.85,31.2
AAPL,1328020230,C,1329541200,415.0,455.25,40.45,41.05
AAPL,1328020230,C,1329541200,405.0,455.25,50.15,50.8
AAPL,1328020230,C,1329541200,435.0,455.25,21.85,22.1
AAPL,1328020230,C,1329541200,455.0,455.25,7.65,7.85
AAPL,1328020230,C,1329541200,445.0,455.25,13.85,14.15
AAPL,1328020230,C,1329541200,490.0,455.25,0.35,0.41
AAPL,1328020230,C,1329541200,470.0,455.25,2.34,2.43
AAPL,1328020230,C,1329541200,480.0,455.25,0.94,1.0
AAPL,1328020230,C,1337400000,480.0,455.25,14.95,15.25
AAPL,1328020230,C,1337400000,515.0,455.25,6.2,6.45
AAPL,1328020230,C,1337400000,520.0,455.25,5.45,5.6
AAPL,1328020230,C,1337400000,505.0,455.25,8.1,8.3
AAPL,1328020230,C,1337400000,510.0,455.25,7.1,7.3
AAPL,1328020230,C,1334980800,655.0,455.25,0.0,0.09
AAPL,1328020230,C,1334980800,665.0,455.25,0.0,0.09
AAPL,1328020230,C,1342843200,665.0,455.25,0.47,0.64
AAPL,1328020230,C,1337400000,650.0,455.25,0.14,0.24
AAPL,1328020230,C,1337400000,655.0,455.25,0.11,0.23
AAPL,1328020230,C,1337400000,665.0,455.25,0.09,0.2
AAPL,1328020230,C,1334980800,245.0,455.25,208.55,212.75
AAPL,1328020230,C,1334980800,270.0,455.25,183.6,187.8
AAPL,1328020230,C,1334980800,280.0,455.25,175.05,176.4
AAPL,1328020230,C,1350705600,365.0,455.25,101.8,103.3
AAPL,1328020230,C,1350705600,355.0,455.25,110.0,111.9
AAPL,1328020230,C,1350705600,350.0,455.25,114.2,115.85
AAPL,1328020230,C,1350705600,300.0,455.25,158.6,159.85
AAPL,1328020230,C,1350705600,315.0,455.25,143.9,147.25
AAPL,1328020230,C,1350705600,290.0,455.25,167.0,170.35
AAPL,1328020230,C,1350705600,385.0,455.25,86.4,87.7
AAPL,1328020230,C,1350705600,330.0,455.25,130.55,133.85
AAPL,1328020230,C,1350705600,340.0,455.25,122.15,124.45
AAPL,1328020230,C,1350705600,325.0,455.25,136.25,137.65
AAPL,1328020230,C,1350705600,380.0,455.25,90.05,91.65
AAPL,1328020230,C,1331956800,570.0,455.25,0.0,0.08
AAPL,1328020230,C,1331956800,580.0,455.25,0.0,0.09
AAPL,1328020230,C,1331956800,590.0,455.25,0.0,0.09
AAPL,1328020230,C,1331956800,585.0,455.25,0.0,0.09
AAPL,1328020230,C,1331956800,565.0,455.25,0.0,0.11
AAPL,1328020230,C,1331956800,560.0,455.25,0.0,0.12
AAPL,1328020230,C,1350705600,320.0,455.25,139.35,142.75
AAPL,1328020230,C,1334980800,390.0,455.25,68.05,68.75
AAPL,1328020230,C,1334980800,360.0,455.25,96.1,97.15
AAPL,1328020230,C,1334980800,325.0,455.25,130.5,131.15
AAPL,1328020230,C,1334980800,305.0,455.25,150.05,151.0
AAPL,1328020230,C,1334980800,315.0,455.25,140.25,141.05
AAPL,1328020230,C,1334980800,405.0,455.25,55.0,55.6
AAPL,1328020230,C,1334980800,415.0,455.25,46.8,47.2
AAPL,1328020230,C,1334980800,395.0,455.25,63.7,64.1
AAPL,1328020230,C,1334980800,385.0,455.25,72.65,73.4
AAPL,1328020230,C,1334980800,375.0,455.25,82.05,82.65
AAPL,1328020230,C,1334980800,345.0,455.25,110.75,111.4
AAPL,1328020230,C,1334980800,355.0,455.25,101.1,101.8
AAPL,1328020230,C,1334980800,365.0,455.25,91.15,92.35
AAPL,1328020230,C,1334980800,335.0,455.25,120.5,121.3
AAPL,1328020230,C,1334980800,275.0,455.25,178.55,182.75
AAPL,1328020230,C,1334980800,285.0,455.25,170.25,171.0
AAPL,1328020230,C,1334980800,295.0,455.25,160.25,160.95
AAPL,1328020230,C,1334980800,265.0,455.25,188.8,192.75
AAPL,1328020230,C,1334980800,425.0,455.25,38.8,39.6
AAPL,1328020230,C,1334980800,240.0,455.25,214.95,216.2
AAPL,1328020230,C,1334980800,300.0,455.25,155.3,155.95
AAPL,1328020230,C,1334980800,330.0,455.25,125.35,126.2
AAPL,1328020230,C,1334980800,235.0,455.25,219.9,221.3
AAPL,1328020230,C,1331956800,575.0,455.25,0.0,0.1
AAPL,1328020230,C,1331956800,480.0,455.25,4.15,4.25
AAPL,1328020230,C,1331956800,470.0,455.25,6.85,7.05
AAPL,1328020230,C,1334980800,255.0,455.25,199.95,201.35
AAPL,1328020230,C,1334980800,260.0,455.25,194.95,196.35
AAPL,1328020230,C,1331956800,455.0,455.25,13.35,13.55
AAPL,1328020230,C,1334980800,320.0,455.25,135.45,136.1
AAPL,1328020230,C,1331956800,460.0,455.25,10.85,11.05
AAPL,1328020230,C,1334980800,250.0,455.25,204.95,206.3
AAPL,1328020230,C,1331956800,450.0,455.25,16.15,16.45
AAPL,1328020230,C,1331956800,425.0,455.25,34.05,34.4
AAPL,1328020230,C,1334980800,380.0,455.25,77.15,77.8
AAPL,1328020230,C,1331956800,440.0,455.25,22.6,22.85
AAPL,1328020230,C,1334980800,230.0,455.25,223.55,227.75
AAPL,1328020230,C,1331956800,465.0,455.25,8.7,8.9
AAPL,1328020230,C,1331956800,430.0,455.25,30.0,30.3
AAPL,1328020230,C,1331956800,445.0,455.25,19.25,19.45
AAPL,1328020230,C,1334980800,430.0,455.25,35.2,35.9
AAPL,1328020230,C,1334980800,340.0,455.25,115.7,116.5
AAPL,1328020230,C,1334980800,410.0,455.25,50.55,51.15
AAPL,1328020230,C,1334980800,310.0,455.25,145.2,146.0
AAPL,1328020230,C,1334980800,420.0,455.25,42.6,43.4
AAPL,1328020230,C,1331956800,420.0,455.25,38.3,38.7
AAPL,1328020230,C,1334980800,290.0,455.25,165.2,165.95
AAPL,1328020230,C,1334980800,370.0,455.25,86.55,87.35
AAPL,1328020230,C,1334980800,400.0,455.25,59.2,59.7
AAPL,1328020230,C,1331956800,400.0,455.25,56.4,57.0
AAPL,1328020230,C,1331956800,435.0,455.25,26.15,26.5
AAPL,1328020230,C,1331956800,305.0,455.25,150.1,151.3
AAPL,1328020230,C,1331956800,310.0,455.25,145.15,146.3
AAPL,1328020230,C,1331956800,290.0,455.25,164.4,167.8
AAPL,1328020230,C,1331956800,295.0,455.25,159.0,162.8
AAPL,1328020230,C,1334980800,350.0,455.25,105.7,106.55
AAPL,1328020230,C,1331956800,475.0,455.25,5.35,5.5
AAPL,1328020230,C,1331956800,285.0,455.25,168.65,172.8
AAPL,1328020230,C,1350705600,425.0,455.25,59.65,60.2
AAPL,1328020230,C,1350705600,285.0,455.25,171.7,175.1
AAPL,1328020230,C,1350705600,415.0,455.25,65.5,66.65
AAPL,1328020230,C,1350705600,395.0,455.25,79.0,80.45
AAPL,1328020230,C,1350705600,410.0,455.25,68.7,69.85
AAPL,1328020230,C,1350705600,405.0,455.25,72.05,73.3
AAPL,1328020230,C,1350705600,295.0,455.25,162.35,165.7
AAPL,1328020230,C,1350705600,420.0,455.25,62.65,63.3
AAPL,1328020230,C,1350705600,450.0,455.25,45.4,45.9
AAPL,1328020230,C,1350705600,440.0,455.25,50.75,51.25
AAPL,1328020230,C,1350705600,400.0,455.25,76.0,76.7
AAPL,1328020230,C,1350705600,430.0,455.25,56.5,57.15
AAPL,1328020230,C,1350705600,390.0,455.25,83.1,84.0
AAPL,1328020230,C,1350705600,310.0,455.25,149.3,151.0
AAPL,1328020230,C,1350705600,280.0,455.25,176.4,179.85
AAPL,1328020230,C,1350705600,435.0,455.25,53.6,54.1
AAPL,1328020230,C,1350705600,465.0,455.25,37.75,38.5
AAPL,1328020230,C,1350705600,475.0,455.25,33.65,34.0
AAPL,1328020230,C,1350705600,305.0,455.25,153.0,156.4
AAPL,1328020230,C,1350705600,445.0,455.25,48.0,48.5
AAPL,1328020230,C,1350705600,455.0,455.25,42.85,43.25
AAPL,1328020230,C,1350705600,460.0,455.25,40.35,40.9
AAPL,1328020230,C,1350705600,480.0,455.25,31.4,32.0
AAPL,1328020230,C,1350705600,375.0,455.25,94.05,95.55
AAPL,1328020230,C,1350705600,360.0,455.25,106.0,107.4
AAPL,1328020230,C,1350705600,370.0,455.25,98.3,99.25
AAPL,1328020230,C,1350705600,470.0,455.25,35.65,36.25
AAPL,1328020230,C,1350705600,335.0,455.25,126.1,129.35
AAPL,1328020230,C,1350705600,345.0,455.25,118.4,119.85
AAPL,1328020230,C,1342843200,435.0,455.25,44.3,44.75
AAPL,1328020230,C,1342843200,465.0,455.25,28.3,28.7
AAPL,1328020230,C,1342843200,430.0,455.25,47.35,48.0
AAPL,1328020230,C,1342843200,475.0,455.25,23.9,24.45
AAPL,1328020230,C,1342843200,410.0,455.25,60.95,61.6
AAPL,1328020230,C,1342843200,420.0,455.25,53.55,54.55
AAPL,1328020230,C,1342843200,455.0,455.25,33.2,33.65
AAPL,1328020230,C,1342843200,440.0,455.25,41.4,41.75
AAPL,1328020230,C,1342843200,445.0,455.25,38.5,39.05
AAPL,1328020230,C,1342843200,460.0,455.25,30.7,31.05
AAPL,1328020230,C,1342843200,450.0,455.25,35.8,36.2
AAPL,1328020230,C,1390021200,410.0,455.25,100.0,101.25
AAPL,1328020230,C,1390021200,390.0,455.25,111.35,112.8
AAPL,1328020230,C,1342843200,480.0,455.25,22.0,22.3
AAPL,1328020230,C,1342843200,485.0,455.25,20.2,20.55
AAPL,1328020230,C,1390021200,400.0,455.25,105.5,106.75
AAPL,1328020230,C,1342843200,470.0,455.25,26.1,26.4
AAPL,1328020230,C,1331956800,280.0,455.25,173.5,177.65
AAPL,1328020230,C,1390021200,350.0,455.25,136.8,138.35
AAPL,1328020230,C,1342843200,490.0,455.25,18.45,18.7
AAPL,1328020230,C,1390021200,360.0,455.25,130.3,131.65
AAPL,1328020230,C,1342843200,375.0,455.25,88.05,89.0
AAPL,1328020230,C,1342843200,370.0,455.25,92.4,93.3
AAPL,1328020230,C,1342843200,365.0,455.25,96.85,97.75
AAPL,1328020230,C,1342843200,360.0,455.25,101.2,102.05
AAPL,1328020230,C,1390021200,380.0,455.25,116.8,118.85
AAPL,1328020230,C,1342843200,340.0,455.25,119.15,120.25
AAPL,1328020230,C,1342843200,355.0,455.25,105.3,106.35
AAPL,1328020230,C,1390021200,370.0,455.25,123.85,125.15
AAPL,1328020230,C,1342843200,395.0,455.25,72.15,72.7
AAPL,1328020230,C,1390021200,420.0,455.25,94.4,95.75
AAPL,1328020230,C,1342843200,385.0,455.25,79.85,80.65
AAPL,1328020230,C,1342843200,380.0,455.25,83.9,84.75
AAPL,1328020230,C,1342843200,425.0,455.25,50.65,51.05
AAPL,1328020230,C,1342843200,415.0,455.25,57.0,58.0
AAPL,1328020230,C,1342843200,400.0,455.25,67.9,68.85
AAPL,1328020230,C,1342843200,390.0,455.25,75.65,76.8
AAPL,1328020230,C,1342843200,405.0,455.25,64.6,65.1
AAPL,1328020230,C,1342843200,295.0,455.25,160.5,163.65
AAPL,1328020230,C,1342843200,305.0,455.25,151.85,153.15
AAPL,1328020230,C,1342843200,320.0,455.25,137.35,138.75
AAPL,1328020230,C,1342843200,310.0,455.25,147.3,148.25
AAPL,1328020230,C,1342843200,315.0,455.25,142.2,143.35
AAPL,1328020230,C,1342843200,325.0,455.25,133.05,134.15
AAPL,1328020230,C,1342843200,350.0,455.25,110.1,111.0
AAPL,1328020230,C,1331956800,370.0,455.25,85.25,86.35
AAPL,1328020230,C,1342843200,335.0,455.25,123.35,124.95
AAPL,1328020230,C,1342843200,345.0,455.25,114.5,115.6
AAPL,1328020230,C,1331956800,355.0,455.25,100.4,101.25
AAPL,1328020230,C,1331956800,360.0,455.25,95.35,96.1
AAPL,1328020230,C,1331956800,365.0,455.25,90.45,91.15
AAPL,1328020230,C,1331956800,340.0,455.25,115.25,115.9
AAPL,1328020230,C,1331956800,325.0,455.25,130.15,131.35
AAPL,1328020230,C,1331956800,330.0,455.25,125.3,125.85
AAPL,1328020230,C,1331956800,390.0,455.25,65.65,66.75
AAPL,1328020230,C,1331956800,345.0,455.25,110.35,110.95
AAPL,1328020230,C,1331956800,385.0,455.25,70.6,71.6
AAPL,1328020230,C,1331956800,315.0,455.25,140.15,141.3
AAPL,1328020230,C,1331956800,320.0,455.25,135.15,136.3
AAPL,1328020230,C,1331956800,300.0,455.25,155.1,156.3
AAPL,1328020230,C,1331956800,335.0,455.25,120.3,121.0
AAPL,1328020230,C,1331956800,405.0,455.25,51.65,52.35
AAPL,1328020230,C,1331956800,375.0,455.25,80.55,81.3
AAPL,1328020230,C,1331956800,410.0,455.25,47.15,47.55
AAPL,1328020230,C,1331956800,415.0,455.25,42.6,43.1
AAPL,1328020230,C,1331956800,395.0,455.25,61.2,61.75
AAPL,1328020230,C,1331956800,350.0,455.25,105.35,106.0
AAPL,1328020230,C,1342843200,330.0,455.25,128.15,129.65
AAPL,1328020230,C,1331956800,380.0,455.25,75.6,76.45
AAPL,1328020230,C,1358571600,550.0,455.25,17.4,17.95
AAPL,1328020230,C,1331956800,605.0,455.25,0.0,0.08
AAPL,1328020230,C,1331956800,600.0,455.25,0.0,0.08
AAPL,1328020230,C,1334980800,550.0,455.25,0.64,0.77
AAPL,1328020230,C,1334980800,555.0,455.25,0.51,0.66
AAPL,1328020230,C,1334980800,565.0,455.25,0.33,0.44
AAPL,1328020230,C,1331956800,595.0,455.25,0.0,0.08
AAPL,1328020230,C,1331956800,545.0,455.25,0.09,0.2
AAPL,1328020230,C,1331956800,550.0,455.25,0.06,0.16
AAPL,1328020230,C,1331956800,195.0,455.25,258.5,262.65
AAPL,1328020230,C,1334980800,545.0,455.25,0.79,0.93
AAPL,1328020230,C,1390021200,440.0,455.25,83.9,85.45
AAPL,1328020230,C,1358571600,560.0,455.25,15.4,16.0
AAPL,1328020230,C,1334980800,540.0,455.25,0.92,1.11
AAPL,1328020230,C,1331956800,190.0,455.25,263.5,267.55
AAPL,1328020230,C,1331956800,240.0,455.25,213.5,217.6
AAPL,1328020230,C,1331956800,250.0,455.25,203.5,207.6
AAPL,1328020230,C,1331956800,255.0,455.25,198.55,202.6
AAPL,1328020230,C,1331956800,245.0,455.25,208.5,212.6
AAPL,1328020230,C,1331956800,235.0,455.25,220.05,221.2
AAPL,1328020230,C,1331956800,215.0,455.25,238.5,242.7
AAPL,1328020230,C,1331956800,220.0,455.25,233.5,237.65
AAPL,1328020230,C,1331956800,225.0,455.25,228.5,232.6
AAPL,1328020230,C,1331956800,210.0,455.25,243.5,247.7
AAPL,1328020230,C,1331956800,205.0,455.25,248.5,252.6
AAPL,1328020230,C,1331956800,260.0,455.25,193.5,197.75
AAPL,1328020230,C,1331956800,230.0,455.25,223.5,227.6
AAPL,1328020230,C,1331956800,555.0,455.25,0.02,0.14
AAPL,1328020230,C,1329541200,195.0,455.25,258.45,262.45
AAPL,1328020230,C,1329541200,190.0,455.25,264.95,266.15
AAPL,1328020230,C,1331956800,200.0,455.25,254.85,256.2
AAPL,1328020230,C,1334980800,560.0,455.25,0.41,0.5
AAPL,1328020230,C,1331956800,270.0,455.25,185.05,186.25
AAPL,1328020230,C,1329541200,185.0,455.25,268.45,272.45
AAPL,1328020230,C,1331956800,185.0,455.25,268.3,272.55
AAPL,1328020230,C,1331956800,485.0,455.25,3.15,3.3
AAPL,1328020230,C,1331956800,490.0,455.25,2.4,2.55
AAPL,1328020230,C,1331956800,540.0,455.25,0.11,0.22
AAPL,1328020230,C,1331956800,520.0,455.25,0.41,0.45
AAPL,1328020230,C,1331956800,530.0,455.25,0.2,0.3
AAPL,1328020230,C,1331956800,495.0,455.25,1.79,1.91
AAPL,1328020230,C,1331956800,515.0,455.25,0.56,0.62
AAPL,1328020230,C,1331956800,265.0,455.25,190.05,191.25
AAPL,1328020230,C,1331956800,505.0,455.25,1.0,1.08
AAPL,1328020230,C,1331956800,275.0,455.25,178.6,182.75
AAPL,1328020230,C,1331956800,510.0,455.25,0.75,0.82
AAPL,1328020230,C,1331956800,535.0,455.25,0.15,0.26
AAPL,1328020230,C,1331956800,500.0,455.25,1.36,1.42
AAPL,1328020230,C,1350705600,605.0,455.25,5.0,5.35
AAPL,1328020230,C,1350705600,600.0,455.25,5.4,5.7
AAPL,1328020230,C,1350705600,595.0,455.25,5.8,6.1
AAPL,1328020230,C,1350705600,610.0,455.25,4.6,4.9
AAPL,1328020230,C,1358571600,535.0,455.25,20.95,21.9
AAPL,1328020230,C,1358571600,505.0,455.25,29.65,30.6
AAPL,1328020230,C,1358571600,485.0,455.25,37.3,37.95
AAPL,1328020230,C,1358571600,575.0,455.25,12.75,13.35
AAPL,1328020230,C,1342843200,585.0,455.25,2.66,2.84
AAPL,1328020230,C,1358571600,445.0,455.25,55.95,56.75
AAPL,1328020230,C,1342843200,595.0,455.25,1.99,2.32
AAPL,1328020230,C,1342843200,605.0,455.25,1.65,1.9
AAPL,1328020230,C,1358571600,625.0,455.25,6.65,7.05
AAPL,1328020230,C,1342843200,635.0,455.25,1.01,1.03
AAPL,1328020230,C,1358571600,475.0,455.25,41.35,42.1
AAPL,1328020230,C,1342843200,535.0,455.25,7.7,7.95
AAPL,1328020230,C,1342843200,615.0,455.25,1.29,1.57
AAPL,1328020230,C,1342843200,525.0,455.25,9.4,9.65
AAPL,1328020230,C,1342843200,565.0,455.25,4.1,4.3
AAPL,1328020230,C,1342843200,215.0,455.25,239.0,242.45
AAPL,1328020230,C,1358571600,465.0,455.25,45.95,46.75
AAPL,1328020230,C,1342843200,545.0,455.25,6.25,6.5
AAPL,1328020230,C,1342843200,285.0,455.25,169.9,173.35
AAPL,1328020230,C,1342843200,515.0,455.25,11.5,11.7
AAPL,1328020230,C,1342843200,235.0,455.25,220.45,222.0
AAPL,1328020230,C,1342843200,495.0,455.25,16.7,17.15
AAPL,1328020230,C,1342843200,275.0,455.25,179.7,183.15
AAPL,1328020230,C,1334980800,615.0,455.25,0.0,0.15
AAPL,1328020230,C,1342843200,575.0,455.25,3.3,3.5
AAPL,1328020230,C,1342843200,265.0,455.25,190.95,192.25
AAPL,1328020230,C,1342843200,245.0,455.25,209.25,212.65
AAPL,1328020230,C,1342843200,555.0,455.25,5.1,5.3
AAPL,1328020230,C,1342843200,225.0,455.25,229.05,232.5
AAPL,1328020230,C,1358571600,515.0,455.25,26.35,27.3
AAPL,1328020230,C,1358571600,525.0,455.25,23.55,24.15
AAPL,1328020230,C,1358571600,555.0,455.25,16.35,17.1
AAPL,1328020230,C,1358571600,605.0,455.25,8.6,9.0
AAPL,1328020230,C,1358571600,495.0,455.25,33.2,34.05
AAPL,1328020230,C,1358571600,455.0,455.25,50.5,51.45
AAPL,1328020230,C,1342843200,625.0,455.25,1.1,1.3
AAPL,1328020230,C,1358571600,545.0,455.25,18.55,19.1
AAPL,1328020230,C,1358571600,615.0,455.25,7.55,7.95
AAPL,1328020230,C,1358571600,565.0,455.25,14.4,15.05
AAPL,1328020230,C,1358571600,595.0,455.25,9.8,10.25
AAPL,1328020230,C,1358571600,585.0,455.25,11.15,11.6
AAPL,1328020230,C,1358571600,635.0,455.25,5.8,6.25
AAPL,1328020230,C,1390021200,470.0,455.25,69.65,71.5
AAPL,1328020230,C,1390021200,480.0,455.25,65.85,66.85
AAPL,1328020230,C,1390021200,490.0,455.25,61.35,63.2
AAPL,1328020230,C,1390021200,500.0,455.25,57.9,59.35
AAPL,1328020230,C,1390021200,450.0,455.25,79.2,80.45
AAPL,1328020230,C,1390021200,460.0,455.25,74.25,75.95
AAPL,1328020230,C,1390021200,510.0,455.25,53.8,55.7
AAPL,1328020230,C,1390021200,530.0,455.25,47.4,48.85
AAPL,1328020230,C,1390021200,520.0,455.25,50.35,52.15
AAPL,1328020230,C,1390021200,550.0,455.25,41.2,42.75
AAPL,1328020230,C,1390021200,540.0,455.25,44.05,45.7
AAPL,1328020230,C,1390021200,580.0,455.25,33.35,34.9
AAPL,1328020230,C,1390021200,570.0,455.25,35.75,37.35
AAPL,1328020230,C,1390021200,560.0,455.25,38.5,39.8
AAPL,1328020230,C,1358571600,410.0,455.25,76.0,77.15
AAPL,1328020230,C,1358571600,150.0,455.25,304.5,306.9
AAPL,1328020230,C,1358571600,145.0,455.25,309.2,312.9
AAPL,1328020230,C,1358571600,140.0,455.25,314.35,316.8
AAPL,1328020230,C,1358571600,135.0,455.25,319.3,321.8
AAPL,1328020230,C,1331956800,525.0,455.25,0.31,0.4
AAPL,1328020230,C,1331956800,645.0,455.25,0.0,0.08
AAPL,1328020230,C,1358571600,200.0,455.25,255.4,257.8
AAPL,1328020230,C,1358571600,160.0,455.25,294.55,297.0
AAPL,1328020230,C,1358571600,165.0,455.25,289.65,292.1
AAPL,1328020230,C,1358571600,170.0,455.25,284.15,288.15
AAPL,1328020230,C,1358571600,175.0,455.25,279.55,283.25
AAPL,1328020230,C,1358571600,180.0,455.25,274.35,278.4
AAPL,1328020230,C,1358571600,185.0,455.25,270.0,272.45
AAPL,1328020230,C,1358571600,190.0,455.25,265.15,267.55
AAPL,1328020230,C,1358571600,195.0,455.25,259.7,263.65
AAPL,1328020230,C,1358571600,155.0,455.25,299.55,301.95
AAPL,1328020230,C,1358571600,430.0,455.25,64.15,64.95
AAPL,1328020230,C,1329541200,645.0,455.25,0.0,0.08
AAPL,1328020230,C,1358571600,540.0,455.25,19.75,20.45
AAPL,1328020230,C,1334980800,530.0,455.25,1.48,1.61
AAPL,1328020230,C,1358571600,665.0,455.25,3.95,4.4
AAPL,1328020230,C,1358571600,655.0,455.25,4.5,4.75
AAPL,1328020230,C,1350705600,665.0,455.25,1.8,2.2
AAPL,1328020230,C,1337400000,645.0,455.25,0.12,0.26
AAPL,1328020230,C,1329541200,615.0,455.25,0.0,0.08
AAPL,1328020230,C,1329541200,625.0,455.25,0.0,0.08
AAPL,1328020230,C,1331956800,625.0,455.25,0.0,0.08
AAPL,1328020230,C,1331956800,635.0,455.25,0.0,0.08
AAPL,1328020230,C,1329541200,635.0,455.25,0.0,0.08
AAPL,1328020230,C,1331956800,615.0,455.25,0.0,0.08
AAPL,1328020230,C,1328245200,490.0,455.25,0.02,0.13
AAPL,1328020230,C,1328245200,470.0,455.25,0.23,0.29
AAPL,1328020230,C,1328245200,480.0,455.25,0.06,0.17
AAPL,1328020230,C,1328245200,420.0,455.25,35.2,35.65
AAPL,1328020230,C,1328245200,440.0,455.25,15.5,15.7
AAPL,1328020230,C,1328245200,430.0,455.25,25.2,25.7
AAPL,1328020230,C,1328245200,450.0,455.25,6.75,7.0
AAPL,1328020230,C,1328245200,460.0,455.25,1.56,1.6
AAPL,1328020230,C,1350705600,655.0,455.25,2.13,2.57
AAPL,1328020230,C,1337400000,640.0,455.25,0.15,0.29
AAPL,1328020230,C,1342843200,655.0,455.25,0.52,0.77
AAPL,1328020230,C,1328245200,435.0,455.25,20.3,20.7
AAPL,1328020230,C,1358571600,450.0,455.25,53.25,53.9
AAPL,1328020230,C,1358571600,600.0,455.25,9.2,9.5
AAPL,1328020230,C,1334980800,600.0,455.25,0.03,0.15
AAPL,1328020230,C,1342843200,505.0,455.25,13.65,14.25
AAPL,1328020230,C,1334980800,585.0,455.25,0.12,0.25
AAPL,1328020230,C,1342843200,255.0,455.25,200.8,202.0
AAPL,1328020230,C,1334980800,225.0,455.25,228.5,232.65
AAPL,1328020230,C,1334980800,595.0,455.25,0.08,0.2
AAPL,1328020230,C,1328245200,485.0,455.25,0.02,0.12
AAPL,1328020230,C,1334980800,215.0,455.25,238.5,242.6
AAPL,1328020230,C,1334980800,575.0,455.25,0.21,0.33
AAPL,1328020230,C,1334980800,625.0,455.25,0.01,0.13
AAPL,1328020230,C,1328245200,400.0,455.25,55.1,56.1
AAPL,1328020230,C,1328245200,410.0,455.25,45.15,45.6
AAPL,1328020230,C,1328245200,475.0,455.25,0.1,0.15
AAPL,1328020230,C,1328245200,465.0,455.25,0.58,0.67
AAPL,1328020230,C,1328245200,405.0,455.25,50.05,50.6
AAPL,1328020230,C,1328245200,455.0,455.25,3.65,3.8
AAPL,1328020230,C,1328245200,445.0,455.25,10.85,11.2
AAPL,1328020230,C,1328245200,495.0,455.25,0.01,0.11
AAPL,1328020230,C,1328245200,415.0,455.25,40.15,40.8
AAPL,1328020230,C,1328245200,425.0,455.25,30.25,30.85
AAPL,1328020230,C,1329541200,670.0,455.25,0.0,0.08
AAPL,1328020230,C,1331956800,650.0,455.25,0.0,0.08
AAPL,1328020230,C,1329541200,650.0,455.25,0.0,0.08
AAPL,1328020230,C,1329541200,660.0,455.25,0.0,0.08
AAPL,1328020230,C,1331956800,660.0,455.25,0.0,0.08
AAPL,1328020230,C,1334980800,635.0,455.25,0.0,0.11
AAPL,1328020230,C,1334980800,605.0,455.25,0.04,0.17
AAPL,1328020230,C,1358571600,320.0,455.25,143.5,145.45
AAPL,1328020230,C,1358571600,380.0,455.25,96.5,97.55
AAPL,1328020230,C,1358571600,390.0,455.25,89.45,90.8
AAPL,1328020230,C,1358571600,400.0,455.25,82.9,83.0
AAPL,1328020230,C,1358571600,360.0,455.25,111.75,113.1
AAPL,1328020230,C,1358571600,370.0,455.25,103.95,105.6
AAPL,1328020230,C,1358571600,420.0,455.25,70.0,70.8
AAPL,1328020230,C,1342843200,645.0,455.25,0.74,0.88
AAPL,1328020230,C,1331956800,670.0,455.25,0.0,0.08
AAPL,1328020230,C,1334980800,645.0,455.25,0.0,0.1
AAPL,1328020230,C,1358571600,330.0,455.25,135.15,136.75
AAPL,1328020230,C,1358571600,340.0,455.25,127.05,129.0
AAPL,1328020230,C,1358571600,350.0,455.25,119.5,120.4
AAPL,1328020230,C,1358571600,500.0,455.25,31.5,32.0
AAPL,1328020230,C,1334980800,485.0,455.25,8.1,8.35
AAPL,1328020230,C,1334980800,455.0,455.25,20.0,20.3
AAPL,1328020230,C,1334980800,475.0,455.25,11.25,11.45
AAPL,1328020230,C,1334980800,465.0,455.25,15.2,15.45
AAPL,1328020230,C,1334980800,435.0,455.25,31.95,32.4
AAPL,1328020230,C,1334980800,445.0,455.25,25.65,25.95
AAPL,1328020230,C,1358571600,645.0,455.25,5.05,5.6
AAPL,1328020230,C,1350705600,645.0,455.25,2.43,2.89
AAPL,1328020230,C,1331956800,610.0,455.25,0.0,0.08
AAPL,1328020230,C,1329541200,205.0,455.25,248.5,252.6
AAPL,1328020230,C,1329541200,200.0,455.25,253.45,257.45
AAPL,1328020230,C,1329541200,215.0,455.25,238.4,242.4
AAPL,1328020230,C,1329541200,230.0,455.25,223.3,227.45
AAPL,1328020230,C,1329541200,220.0,455.25,233.5,237.6
AAPL,1328020230,C,1329541200,605.0,455.25,0.0,0.03
AAPL,1328020230,C,1329541200,210.0,455.25,243.5,247.6
AAPL,1328020230,C,1329541200,570.0,455.25,0.0,0.08
AAPL,1328020230,C,1329541200,600.0,455.25,0.0,0.03
AAPL,1328020230,C,1329541200,580.0,455.25,0.0,0.08
AAPL,1328020230,C,1329541200,590.0,455.25,0.0,0.08
AAPL,1328020230,C,1329541200,245.0,455.25,209.75,211.15
AAPL,1328020230,C,1329541200,255.0,455.25,198.5,202.6
AAPL,1328020230,C,1329541200,265.0,455.25,188.5,192.5
AAPL,1328020230,C,1329541200,275.0,455.25,178.5,182.65
AAPL,1328020230,C,1329541200,515.0,455.25,0.05,0.13
AAPL,1328020230,C,1329541200,525.0,455.25,0.01,0.09
AAPL,1328020230,C,1329541200,535.0,455.25,0.01,0.08
AAPL,1328020230,C,1329541200,545.0,455.25,0.0,0.06
AAPL,1328020230,C,1329541200,555.0,455.25,0.0,0.08
AAPL,1328020230,C,1329541200,565.0,455.25,0.0,0.08
AAPL,1328020230,C,1329541200,575.0,455.25,0.0,0.08
AAPL,1328020230,C,1329541200,585.0,455.25,0.0,0.08
AAPL,1328020230,C,1329541200,595.0,455.25,0.0,0.08
AAPL,1328020230,C,1329541200,560.0,455.25,0.0,0.04
AAPL,1328020230,C,1329541200,550.0,455.25,0.0,0.07
AAPL,1328020230,C,1329541200,280.0,455.25,174.9,176.15
AAPL,1328020230,C,1329541200,530.0,455.25,0.01,0.09
AAPL,1328020230,C,1329541200,540.0,455.25,0.0,0.08
AAPL,1328020230,C,1329541200,270.0,455.25,184.9,186.15
AAPL,1328020230,C,1329541200,260.0,455.25,194.75,196.15
AAPL,1328020230,C,1329541200,240.0,455.25,213.45,217.45
AAPL,1328020230,C,1329541200,250.0,455.25,204.75,206.15
AAPL,1328020230,C,1329541200,225.0,455.25,228.5,232.6
AAPL,1328020230,C,1329541200,235.0,455.25,218.5,222.6
AAPL,1328020230,C,1390021200,645.0,455.25,20.3,21.85
AAPL,1328020230,C,1329541200,505.0,455.25,0.06,0.17
AAPL,1328020230,C,1329541200,500.0,455.25,0.16,0.24
AAPL,1328020230,C,1329541200,290.0,455.25,164.9,166.15
AAPL,1328020230,C,1329541200,520.0,455.25,0.02,0.1
AAPL,1328020230,C,1329541200,285.0,455.25,168.5,172.7
AAPL,1328020230,C,1329541200,510.0,455.25,0.03,0.14
AAPL,1328020230,C,1358571600,520.0,455.25,25.0,25.55
AAPL,1328020230,C,1334980800,505.0,455.25,3.9,4.1
AAPL,1328020230,C,1334980800,515.0,455.25,2.58,2.89
AAPL,1328020230,C,1334980800,495.0,455.25,5.7,5.9
AAPL,1328020230,C,1329541200,630.0,455.25,0.0,0.08
AAPL,1328020230,C,1331956800,620.0,455.25,0.0,0.08
AAPL,1328020230,C,1334980800,525.0,455.25,1.74,1.96
AAPL,1328020230,C,1334980800,535.0,455.25,1.12,1.38
AAPL,1328020230,C,1329541200,610.0,455.25,0.0,0.08
AAPL,1328020230,C,1329541200,640.0,455.25,0.0,0.08
AAPL,1328020230,C,1331956800,640.0,455.25,0.0,0.08
AAPL,1328020230,C,1329541200,620.0,455.25,0.0,0.08
AAPL,1328020230,C,1334980800,180.0,455.25,273.5,277.65
AAPL,1328020230,C,1334980800,460.0,455.25,17.5,17.8
AAPL,1328020230,C,1358571600,460.0,455.25,48.25,49.05
AAPL,1328020230,C,1358571600,470.0,455.25,43.55,44.35
AAPL,1328020230,C,1334980800,185.0,455.25,269.85,271.25
AAPL,1328020230,C,1334980800,190.0,455.25,263.5,267.65
AAPL,1328020230,C,1334980800,480.0,455.25,9.6,9.75
AAPL,1328020230,C,1334980800,195.0,455.25,258.5,262.55
AAPL,1328020230,C,1334980800,470.0,455.25,13.1,13.35
AAPL,1328020230,C,1334980800,450.0,455.25,22.7,23.05
AAPL,1328020230,C,1334980800,440.0,455.25,28.7,29.0
AAPL,1328020230,C,1334980800,210.0,455.25,244.9,246.25
AAPL,1328020230,C,1334980800,200.0,455.25,254.9,256.25
AAPL,1328020230,C,1334980800,220.0,455.25,234.9,236.25
AAPL,1328020230,C,1334980800,175.0,455.25,279.85,281.25
AAPL,1328020230,C,1334980800,165.0,455.25,289.85,291.2
AAPL,1328020230,C,1334980800,170.0,455.25,284.85,286.2
AAPL,1328020230,C,1358571600,290.0,455.25,170.35,172.2
AAPL,1328020230,C,1358571600,310.0,455.25,152.5,154.75
AAPL,1328020230,C,1358571600,300.0,455.25,161.25,163.25
AAPL,1328020230,C,1358571600,210.0,455.25,246.25,248.0
AAPL,1328020230,C,1358571600,220.0,455.25,236.0,237.95
AAPL,1328020230,C,1358571600,230.0,455.25,226.8,228.35
AAPL,1328020230,C,1358571600,240.0,455.25,216.85,218.8
AAPL,1328020230,C,1358571600,250.0,455.25,207.45,209.25
AAPL,1328020230,C,1358571600,260.0,455.25,198.45,199.85
AAPL,1328020230,C,1358571600,270.0,455.25,188.95,190.55
AAPL,1328020230,C,1358571600,280.0,455.25,179.4,181.35
AAPL,1328020230,C,1358571600,490.0,455.25,35.1,35.9
AAPL,1328020230,C,1390021200,670.0,455.25,16.65,17.8
AAPL,1328020230,C,1342843200,675.0,455.25,0.37,0.54
AAPL,1328020230,C,1390021200,650.0,455.25,19.45,20.8
AAPL,1328020230,C,1390021200,660.0,455.25,18.05,19.25
AAPL,1328020230,C,1342843200,680.0,455.25,0.34,0.5
AAPL,1328020230,C,1350705600,675.0,455.25,1.49,1.92
AAPL,1328020230,C,1358571600,680.0,455.25,3.25,3.75
AAPL,1328020230,C,1358571600,675.0,455.25,3.45,4.0
AAPL,1328020230,C,1350705600,680.0,455.25,1.43,1.74
AAPL,1328020230,C,1334980800,660.0,455.25,0.0,0.09
AAPL,1328020230,C,1334980800,670.0,455.25,0.0,0.09
AAPL,1328020230,C,1334980800,650.0,455.25,0.0,0.09
AAPL,1328020230,C,1342843200,650.0,455.25,0.66,0.79
AAPL,1328020230,C,1334980800,520.0,455.25,2.22,2.34
AAPL,1328020230,C,1342843200,660.0,455.25,0.48,0.7
AAPL,1328020230,C,1334980800,510.0,455.25,3.25,3.4
AAPL,1328020230,C,1350705600,650.0,455.25,2.28,2.76
AAPL,1328020230,C,1350705600,660.0,455.25,1.91,2.39
AAPL,1328020230,C,1342843200,670.0,455.25,0.42,0.59
AAPL,1328020230,C,1358571600,660.0,455.25,4.2,4.65
AAPL,1328020230,C,1358571600,670.0,455.25,3.7,4.0
AAPL,1328020230,C,1334980800,490.0,455.25,6.8,7.05
AAPL,1328020230,C,1350705600,670.0,455.25,1.64,2.0
AAPL,1328020230,C,1358571600,650.0,455.25,4.8,5.3
AAPL,1328020230,C,1334980800,500.0,455.25,4.75,4.95
AAPL,1328020230,C,1350705600,580.0,455.25,7.35,7.7
AAPL,1328020230,C,1350705600,590.0,455.25,6.1,6.55
AAPL,1328020230,C,1350705600,245.0,455.25,210.0,213.45
AAPL,1328020230,C,1350705600,255.0,455.25,200.35,203.75
AAPL,1328020230,C,1350705600,525.0,455.25,17.0,17.35
AAPL,1328020230,C,1350705600,535.0,455.25,14.3,15.1
AAPL,1328020230,C,1350705600,585.0,455.25,6.85,7.15
AAPL,1328020230,C,1350705600,520.0,455.25,18.3,18.65
AAPL,1328020230,C,1350705600,530.0,455.25,15.8,16.15
AAPL,1328020230,C,1350705600,250.0,455.25,205.4,208.6
AAPL,1328020230,C,1350705600,260.0,455.25,196.5,198.1
AAPL,1328020230,C,1358571600,295.0,455.25,166.4,167.7
AAPL,1328020230,C,1358571600,285.0,455.25,175.2,176.75
AAPL,1328020230,C,1358571600,315.0,455.25,148.65,149.9
AAPL,1328020230,C,1358571600,325.0,455.25,139.8,141.2
AAPL,1328020230,C,1358571600,305.0,455.25,157.0,158.85
AAPL,1328020230,C,1358571600,345.0,455.25,123.05,125.25
AAPL,1328020230,C,1358571600,335.0,455.25,131.15,132.95
AAPL,1328020230,C,1358571600,365.0,455.25,107.65,109.4
AAPL,1328020230,C,1358571600,375.0,455.25,100.35,101.7
AAPL,1328020230,C,1358571600,355.0,455.25,115.15,117.25
AAPL,1328020230,C,1358571600,405.0,455.25,79.3,80.8
AAPL,1328020230,C,1358571600,415.0,455.25,72.9,74.15
AAPL,1328020230,C,1358571600,425.0,455.25,67.25,68.0
AAPL,1328020230,C,1358571600,435.0,455.25,61.4,62.2
AAPL,1328020230,C,1358571600,275.0,455.25,183.9,185.9
AAPL,1328020230,C,1358571600,265.0,455.25,193.8,195.1
AAPL,1328020230,C,1358571600,385.0,455.25,92.95,94.55
AAPL,1328020230,C,1358571600,205.0,455.25,250.25,253.95
AAPL,1328020230,C,1358571600,245.0,455.25,212.65,214.1
AAPL,1328020230,C,1358571600,255.0,455.25,202.85,204.6
AAPL,1328020230,C,1358571600,225.0,455.25,230.5,234.5
AAPL,1328020230,C,1358571600,215.0,455.25,240.6,244.2
AAPL,1328020230,C,1358571600,235.0,455.25,221.65,223.5
AAPL,1328020230,C,1358571600,570.0,455.25,13.5,14.05
AAPL,1328020230,C,1358571600,590.0,455.25,10.5,10.95
AAPL,1328020230,C,1334980800,580.0,455.25,0.16,0.28
AAPL,1328020230,C,1358571600,580.0,455.25,11.9,12.45
AAPL,1328020230,C,1334980800,590.0,455.25,0.07,0.19
AAPL,1328020230,C,1334980800,570.0,455.25,0.27,0.38
AAPL,1328020230,C,1358571600,395.0,455.25,86.0,87.25
AAPL,1328020230,C,1358571600,440.0,455.25,58.65,59.5
AAPL,1328020230,C,1350705600,630.0,455.25,3.4,3.65
AAPL,1328020230,C,1390021200,220.0,455.25,239.5,241.4
AAPL,1328020230,C,1390021200,225.0,455.25,234.7,238.45
AAPL,1328020230,C,1390021200,230.0,455.25,230.75,233.0
AAPL,1328020230,C,1390021200,240.0,455.25,221.55,225.2
AAPL,1328020230,C,1350705600,625.0,455.25,3.65,3.95
AAPL,1328020230,C,1350705600,620.0,455.25,3.75,4.2
AAPL,1328020230,C,1350705600,615.0,455.25,4.25,4.5
AAPL,1328020230,C,1390021200,235.0,455.25,226.2,228.05
AAPL,1328020230,C,1390021200,275.0,455.25,191.85,195.65
AAPL,1328020230,C,1390021200,245.0,455.25,217.2,220.9
AAPL,1328020230,C,1390021200,640.0,455.25,21.2,22.6
AAPL,1328020230,C,1390021200,255.0,455.25,209.45,210.85
AAPL,1328020230,C,1390021200,250.0,455.25,213.7,215.05
AAPL,1328020230,C,1390021200,260.0,455.25,204.4,208.1
AAPL,1328020230,C,1390021200,265.0,455.25,200.15,203.9
AAPL,1328020230,C,1390021200,270.0,455.25,196.9,198.6
AAPL,1328020230,C,1358571600,630.0,455.25,6.2,6.6
AAPL,1328020230,C,1342843200,630.0,455.25,0.94,1.18
AAPL,1328020230,C,1390021200,620.0,455.25,24.75,26.1
AAPL,1328020230,C,1390021200,630.0,455.25,22.85,24.4
AAPL,1328020230,C,1342843200,620.0,455.25,1.14,1.43
AAPL,1328020230,C,1350705600,635.0,455.25,3.05,3.4
AAPL,1328020230,C,1358571600,620.0,455.25,7.05,7.45
AAPL,1328020230,C,1334980800,620.0,455.25,0.0,0.14
AAPL,1328020230,C,1334980800,630.0,455.25,0.0,0.09
AAPL,1328020230,C,1358571600,480.0,455.25,39.15,40.15
AAPL,1328020230,C,1358571600,510.0,455.25,27.95,28.85
AAPL,1328020230,C,1334980800,205.0,455.25,248.5,252.6
AAPL,1328020230,C,1342843200,205.0,455.25,248.95,252.4
AAPL,1328020230,C,1334980800,610.0,455.25,0.01,0.12
AAPL,1328020230,C,1342843200,240.0,455.25,214.2,217.65
AAPL,1328020230,C,1342843200,250.0,455.25,205.75,207.15
AAPL,1328020230,C,1342843200,280.0,455.25,174.85,178.25
AAPL,1328020230,C,1342843200,500.0,455.25,15.2,15.7
AAPL,1328020230,C,1342843200,260.0,455.25,195.7,197.1
AAPL,1328020230,C,1342843200,270.0,455.25,186.05,187.35
AAPL,1328020230,C,1342843200,510.0,455.25,12.65,13.0
AAPL,1328020230,C,1390021200,300.0,455.25,173.15,174.45
AAPL,1328020230,C,1390021200,310.0,455.25,164.7,167.0
AAPL,1328020230,C,1390021200,320.0,455.25,158.15,159.7
AAPL,1328020230,C,1358571600,610.0,455.25,8.05,8.45
AAPL,1328020230,C,1358571600,530.0,455.25,22.2,23.2
AAPL,1328020230,C,1390021200,610.0,455.25,26.7,28.2
AAPL,1328020230,C,1342843200,210.0,455.25,244.95,246.9
AAPL,1328020230,C,1342843200,220.0,455.25,234.0,237.45
AAPL,1328020230,C,1342843200,230.0,455.25,225.05,226.95
AAPL,1328020230,C,1342843200,200.0,455.25,254.9,256.8
AAPL,1328020230,C,1342843200,520.0,455.25,10.4,10.65
AAPL,1328020230,C,1342843200,540.0,455.25,7.0,7.2
AAPL,1328020230,C,1342843200,550.0,455.25,5.65,5.95
AAPL,1328020230,C,1342843200,530.0,455.25,8.5,8.8
AAPL,1328020230,C,1342843200,600.0,455.25,1.96,2.1
AAPL,1328020230,C,1342843200,610.0,455.25,1.44,1.74
AAPL,1328020230,C,1390021200,280.0,455.25,188.65,190.4
AAPL,1328020230,C,1390021200,290.0,455.25,180.85,182.4
AAPL,1328020230,C,1342843200,560.0,455.25,4.6,4.75
AAPL,1328020230,C,1342843200,570.0,455.25,3.7,3.85
AAPL,1328020230,C,1342843200,580.0,455.25,3.0,3.2
AAPL,1328020230,C,1342843200,590.0,455.25,2.43,2.61
AAPL,1328020230,C,1390021200,635.0,455.25,21.9,23.55
AAPL,1328020230,C,1390021200,215.0,455.25,244.5,245.9
AAPL,1328020230,C,1342843200,195.0,455.25,258.9,262.35
AAPL,1328020230,C,1342843200,190.0,455.25,263.85,267.3
AAPL,1328020230,C,1342843200,185.0,455.25,269.9,271.35
AAPL,1328020230,C,1337400000,280.0,455.25,174.1,177.55
AAPL,1328020230,C,1337400000,315.0,455.25,139.6,142.9
AAPL,1328020230,C,1337400000,310.0,455.25,144.5,147.95
AAPL,1328020230,C,1337400000,295.0,455.25,159.25,162.7
AAPL,1328020230,C,1337400000,285.0,455.25,169.15,172.5
AAPL,1328020230,C,1337400000,275.0,455.25,179.05,182.5
AAPL,1328020230,C,1337400000,290.0,455.25,164.2,167.65
AAPL,1328020230,C,1337400000,270.0,455.25,184.0,187.45
AAPL,1328020230,C,1337400000,245.0,455.25,208.65,212.75
AAPL,1328020230,C,1337400000,250.0,455.25,203.6,207.75
AAPL,1328020230,C,1337400000,260.0,455.25,193.75,197.25
AAPL,1328020230,C,1337400000,255.0,455.25,198.65,202.8
AAPL,1328020230,C,1337400000,265.0,455.25,188.95,192.4
AAPL,1328020230,C,1337400000,240.0,455.25,213.5,217.75
AAPL,1328020230,C,1337400000,220.0,455.25,233.55,237.75
AAPL,1328020230,C,1337400000,230.0,455.25,223.5,227.7
AAPL,1328020230,C,1337400000,235.0,455.25,218.6,222.7
AAPL,1328020230,C,1337400000,600.0,455.25,0.47,0.6
AAPL,1328020230,C,1337400000,625.0,455.25,0.22,0.37
AAPL,1328020230,C,1337400000,620.0,455.25,0.25,0.4
AAPL,1328020230,C,1337400000,610.0,455.25,0.36,0.46
AAPL,1328020230,C,1337400000,635.0,455.25,0.15,0.3
AAPL,1328020230,C,1337400000,630.0,455.25,0.19,0.34
AAPL,1328020230,C,1337400000,595.0,455.25,0.59,0.68
AAPL,1328020230,C,1337400000,615.0,455.25,0.3,0.46
AAPL,1328020230,C,1337400000,585.0,455.25,0.79,0.98
AAPL,1328020230,C,1337400000,565.0,455.25,1.38,1.64
AAPL,1328020230,C,1337400000,590.0,455.25,0.68,0.77
AAPL,1328020230,C,1337400000,560.0,455.25,1.6,1.85
AAPL,1328020230,C,1337400000,605.0,455.25,0.41,0.53
AAPL,1328020230,C,1337400000,575.0,455.25,1.01,1.27
AAPL,1328020230,C,1337400000,550.0,455.25,2.24,2.55
AAPL,1328020230,C,1337400000,580.0,455.25,0.86,1.12
AAPL,1328020230,C,1337400000,540.0,455.25,3.05,3.3
AAPL,1328020230,C,1337400000,555.0,455.25,1.85,2.28
AAPL,1328020230,C,1337400000,320.0,455.25,134.75,138.2
AAPL,1328020230,C,1337400000,570.0,455.25,1.19,1.53
AAPL,1328020230,C,1337400000,305.0,455.25,149.4,152.7
AAPL,1328020230,C,1337400000,545.0,455.25,2.49,2.9
AAPL,1328020230,C,1337400000,325.0,455.25,129.85,133.3
AAPL,1328020230,C,1337400000,535.0,455.25,3.55,3.7
AAPL,1328020230,C,1337400000,300.0,455.25,154.35,157.6
AAPL,1328020230,C,1337400000,225.0,455.25,228.55,232.8
AAPL,1328020230,C,1337400000,215.0,455.25,238.5,242.65
AAPL,1328020230,C,1334980800,640.0,455.25,0.0,0.1
AAPL,1328020230,C,1350705600,640.0,455.25,2.63,3.2
AAPL,1328020230,C,1342843200,640.0,455.25,0.73,0.95
AAPL,1328020230,C,1358571600,640.0,455.25,5.45,5.8
AAPL,1328020230,C,1342843200,300.0,455.25,156.85,157.55
AAPL,1328020230,C,1342843200,290.0,455.25,166.25,167.75
AAPL,1328020230,C,1390021200,600.0,455.25,29.0,30.15
AAPL,1328020230,C,1331956800,630.0,455.25,0.0,0.08
AAPL,1328020230,C,1390021200,675.0,455.25,15.7,17.5
AAPL,1328020230,C,1328245200,390.0,455.25,65.0,66.15
AAPL,1328020230,C,1328245200,395.0,455.25,60.0,61.15
AAPL,1328020230,C,1328245200,500.0,455.25,0.0,0.07
AAPL,1328020230,C,1328245200,505.0,455.25,0.0,0.1
AAPL,1328020230,C,1328245200,510.0,455.25,0.0,0.09
AAPL,1328020230,P,1390021200,350.0,455.25,31.0,32.5
AAPL,1328020230,P,1390021200,330.0,455.25,25.0,26.2
AAPL,1328020230,P,1390021200,590.0,455.25,162.65,166.35
AAPL,1328020230,P,1350705600,550.0,455.25,105.15,106.25
AAPL,1328020230,P,1350705600,510.0,455.25,74.9,75.65
AAPL,1328020230,P,1350705600,540.0,455.25,96.9,98.15
AAPL,1328020230,P,1350705600,490.0,455.25,61.55,62.25
AAPL,1328020230,P,1350705600,500.0,455.25,68.05,68.75
AAPL,1328020230,P,1350705600,570.0,455.25,122.0,124.25
AAPL,1328020230,P,1350705600,560.0,455.25,112.3,115.75
AAPL,1328020230,P,1350705600,235.0,455.25,1.12,1.29
AAPL,1328020230,P,1350705600,225.0,455.25,0.92,1.07
AAPL,1328020230,P,1350705600,545.0,455.25,101.15,102.15
AAPL,1328020230,P,1350705600,515.0,455.25,78.5,79.1
AAPL,1328020230,P,1350705600,505.0,455.25,71.3,72.15
AAPL,1328020230,P,1350705600,495.0,455.25,64.45,65.45
AAPL,1328020230,P,1350705600,485.0,455.25,58.55,59.1
AAPL,1328020230,P,1350705600,275.0,455.25,2.31,2.59
AAPL,1328020230,P,1350705600,265.0,455.25,1.96,2.18
AAPL,1328020230,P,1350705600,240.0,455.25,1.21,1.4
AAPL,1328020230,P,1350705600,270.0,455.25,2.16,2.38
AAPL,1328020230,P,1350705600,220.0,455.25,0.82,0.99
AAPL,1328020230,P,1350705600,230.0,455.25,1.0,1.17
AAPL,1328020230,P,1350705600,200.0,455.25,0.55,0.7
AAPL,1328020230,P,1350705600,210.0,455.25,0.6,0.83
AAPL,1328020230,P,1350705600,195.0,455.25,0.5,0.65
AAPL,1328020230,P,1350705600,575.0,455.25,126.55,127.75
AAPL,1328020230,P,1350705600,555.0,455.25,108.25,111.55
AAPL,1328020230,P,1350705600,565.0,455.25,117.5,119.95
AAPL,1328020230,P,1350705600,215.0,455.25,0.73,0.89
AAPL,1328020230,P,1350705600,205.0,455.25,0.57,0.77
AAPL,1328020230,P,1329541200,320.0,455.25,0.02,0.08
AAPL,1328020230,P,1329541200,310.0,455.25,0.0,0.03
AAPL,1328020230,P,1329541200,340.0,455.25,0.03,0.08
AAPL,1328020230,P,1329541200,330.0,455.25,0.0,0.05
AAPL,1328020230,P,1329541200,360.0,455.25,0.02,0.09
AAPL,1328020230,P,1329541200,350.0,455.25,0.03,0.08
AAPL,1328020230,P,1329541200,380.0,455.25,0.07,0.11
AAPL,1328020230,P,1337400000,335.0,455.25,1.27,1.37
AAPL,1328020230,P,1337400000,340.0,455.25,1.49,1.57
AAPL,1328020230,P,1329541200,370.0,455.25,0.05,0.1
AAPL,1328020230,P,1329541200,390.0,455.25,0.1,0.14
AAPL,1328020230,P,1329541200,410.0,455.25,0.24,0.3
AAPL,1328020230,P,1329541200,400.0,455.25,0.11,0.22
AAPL,1328020230,P,1337400000,330.0,455.25,1.12,1.22
AAPL,1328020230,P,1329541200,430.0,455.25,1.03,1.08
AAPL,1328020230,P,1329541200,420.0,455.25,0.47,0.53
AAPL,1328020230,P,1337400000,375.0,455.25,3.9,4.05
AAPL,1328020230,P,1337400000,380.0,455.25,4.35,4.6
AAPL,1328020230,P,1337400000,365.0,455.25,2.89,3.1
AAPL,1328020230,P,1329541200,440.0,455.25,2.4,2.46
AAPL,1328020230,P,1329541200,300.0,455.25,0.0,0.01
AAPL,1328020230,P,1329541200,495.0,455.25,39.45,40.15
AAPL,1328020230,P,1337400000,370.0,455.25,3.3,3.55
AAPL,1328020230,P,1337400000,355.0,455.25,2.25,2.39
AAPL,1328020230,P,1337400000,360.0,455.25,2.58,2.71
AAPL,1328020230,P,1337400000,345.0,455.25,1.7,1.81
AAPL,1328020230,P,1337400000,350.0,455.25,1.95,2.07
AAPL,1328020230,P,1337400000,415.0,455.25,10.65,10.85
AAPL,1328020230,P,1337400000,420.0,455.25,11.95,12.2
AAPL,1328020230,P,1337400000,405.0,455.25,8.35,8.6
AAPL,1328020230,P,1337400000,410.0,455.25,9.5,9.7
AAPL,1328020230,P,1337400000,395.0,455.25,6.45,6.75
AAPL,1328020230,P,1337400000,400.0,455.25,7.4,7.65
AAPL,1328020230,P,1337400000,385.0,455.25,4.95,5.2
AAPL,1328020230,P,1337400000,390.0,455.25,5.7,5.95
AAPL,1328020230,P,1337400000,445.0,455.25,20.55,20.85
AAPL,1328020230,P,1337400000,435.0,455.25,16.6,16.95
AAPL,1328020230,P,1337400000,440.0,455.25,18.55,18.85
AAPL,1328020230,P,1337400000,425.0,455.25,13.4,13.65
AAPL,1328020230,P,1337400000,430.0,455.25,14.95,15.3
AAPL,1328020230,P,1329541200,485.0,455.25,29.8,30.5
AAPL,1328020230,P,1329541200,475.0,455.25,21.0,21.25
AAPL,1328020230,P,1329541200,465.0,455.25,13.15,13.4
AAPL,1328020230,P,1329541200,455.0,455.25,7.2,7.45
AAPL,1328020230,P,1329541200,450.0,455.25,5.15,5.3
AAPL,1328020230,P,1329541200,325.0,455.25,0.0,0.08
AAPL,1328020230,P,1329541200,315.0,455.25,0.0,0.08
AAPL,1328020230,P,1329541200,305.0,455.25,0.0,0.08
AAPL,1328020230,P,1329541200,295.0,455.25,0.0,0.02
AAPL,1328020230,P,1329541200,365.0,455.25,0.01,0.09
AAPL,1328020230,P,1329541200,355.0,455.25,0.01,0.09
AAPL,1328020230,P,1329541200,345.0,455.25,0.0,0.08
AAPL,1328020230,P,1329541200,335.0,455.25,0.01,0.08
AAPL,1328020230,P,1329541200,395.0,455.25,0.1,0.18
AAPL,1328020230,P,1329541200,385.0,455.25,0.09,0.12
AAPL,1328020230,P,1329541200,375.0,455.25,0.05,0.1
AAPL,1328020230,P,1329541200,415.0,455.25,0.34,0.39
AAPL,1328020230,P,1329541200,405.0,455.25,0.15,0.23
AAPL,1328020230,P,1329541200,435.0,455.25,1.53,1.62
AAPL,1328020230,P,1329541200,425.0,455.25,0.66,0.73
AAPL,1328020230,P,1329541200,445.0,455.25,3.55,3.7
AAPL,1328020230,P,1329541200,490.0,455.25,34.7,35.3
AAPL,1328020230,P,1329541200,460.0,455.25,9.95,10.15
AAPL,1328020230,P,1329541200,470.0,455.25,16.85,17.15
AAPL,1328020230,P,1329541200,480.0,455.25,25.35,25.75
AAPL,1328020230,P,1334980800,655.0,455.25,197.45,200.95
AAPL,1328020230,P,1342843200,665.0,455.25,208.05,211.5
AAPL,1328020230,P,1337400000,665.0,455.25,207.5,211.25
AAPL,1328020230,P,1334980800,665.0,455.25,207.45,210.95
AAPL,1328020230,P,1337400000,650.0,455.25,192.4,196.5
AAPL,1328020230,P,1337400000,655.0,455.25,197.4,201.45
AAPL,1328020230,P,1334980800,330.0,455.25,0.39,0.47
AAPL,1328020230,P,1334980800,240.0,455.25,0.02,0.1
AAPL,1328020230,P,1334980800,290.0,455.25,0.07,0.19
AAPL,1328020230,P,1334980800,295.0,455.25,0.09,0.21
AAPL,1328020230,P,1334980800,245.0,455.25,0.0,0.1
AAPL,1328020230,P,1350705600,365.0,455.25,11.9,12.15
AAPL,1328020230,P,1350705600,350.0,455.25,9.15,9.55
AAPL,1328020230,P,1350705600,345.0,455.25,8.4,8.8
AAPL,1328020230,P,1350705600,340.0,455.25,7.75,8.05
AAPL,1328020230,P,1350705600,355.0,455.25,9.95,10.35
AAPL,1328020230,P,1350705600,290.0,455.25,3.15,3.35
AAPL,1328020230,P,1350705600,315.0,455.25,4.95,5.2
AAPL,1328020230,P,1350705600,310.0,455.25,4.55,4.8
AAPL,1328020230,P,1350705600,385.0,455.25,16.3,16.55
AAPL,1328020230,P,1350705600,325.0,455.25,5.9,6.3
AAPL,1328020230,P,1350705600,320.0,455.25,5.35,5.65
AAPL,1328020230,P,1350705600,330.0,455.25,6.25,6.85
AAPL,1328020230,P,1350705600,335.0,455.25,7.1,7.45
AAPL,1328020230,P,1350705600,380.0,455.25,15.1,15.4
AAPL,1328020230,P,1331956800,570.0,455.25,112.4,116.5
AAPL,1328020230,P,1331956800,580.0,455.25,122.4,126.5
AAPL,1328020230,P,1331956800,565.0,455.25,107.4,111.45
AAPL,1328020230,P,1331956800,585.0,455.25,127.4,131.5
AAPL,1328020230,P,1331956800,575.0,455.25,117.4,121.5
AAPL,1328020230,P,1331956800,590.0,455.25,132.4,136.5
AAPL,1328020230,P,1331956800,560.0,455.25,102.45,106.5
AAPL,1328020230,P,1334980800,270.0,455.25,0.01,0.14
AAPL,1328020230,P,1334980800,390.0,455.25,2.75,2.93
AAPL,1328020230,P,1334980800,360.0,455.25,1.01,1.1
AAPL,1328020230,P,1334980800,355.0,455.25,0.84,0.94
AAPL,1328020230,P,1334980800,315.0,455.25,0.21,0.33
AAPL,1328020230,P,1334980800,325.0,455.25,0.3,0.44
AAPL,1328020230,P,1334980800,305.0,455.25,0.14,0.27
AAPL,1328020230,P,1334980800,395.0,455.25,3.2,3.45
AAPL,1328020230,P,1334980800,385.0,455.25,2.34,2.46
AAPL,1328020230,P,1334980800,405.0,455.25,4.5,4.75
AAPL,1328020230,P,1334980800,365.0,455.25,1.19,1.32
AAPL,1328020230,P,1334980800,375.0,455.25,1.7,1.79
AAPL,1328020230,P,1334980800,345.0,455.25,0.6,0.7
AAPL,1328020230,P,1334980800,335.0,455.25,0.43,0.53
AAPL,1328020230,P,1334980800,275.0,455.25,0.03,0.15
AAPL,1328020230,P,1334980800,265.0,455.25,0.0,0.12
AAPL,1328020230,P,1334980800,285.0,455.25,0.04,0.17
AAPL,1328020230,P,1334980800,415.0,455.25,6.3,6.5
AAPL,1328020230,P,1334980800,425.0,455.25,8.55,8.8
AAPL,1328020230,P,1334980800,250.0,455.25,0.0,0.11
AAPL,1328020230,P,1334980800,300.0,455.25,0.15,0.27
AAPL,1328020230,P,1334980800,230.0,455.25,0.05,0.09
AAPL,1328020230,P,1334980800,235.0,455.25,0.0,0.09
AAPL,1328020230,P,1334980800,255.0,455.25,0.0,0.11
AAPL,1328020230,P,1331956800,440.0,455.25,7.1,7.25
AAPL,1328020230,P,1331956800,445.0,455.25,8.7,8.9
AAPL,1328020230,P,1334980800,320.0,455.25,0.25,0.39
AAPL,1328020230,P,1334980800,310.0,455.25,0.16,0.28
AAPL,1328020230,P,1334980800,380.0,455.25,2.01,2.09
AAPL,1328020230,P,1331956800,425.0,455.25,3.6,3.75
AAPL,1328020230,P,1331956800,450.0,455.25,10.65,10.85
AAPL,1328020230,P,1331956800,455.0,455.25,12.8,13.05
AAPL,1328020230,P,1331956800,435.0,455.25,5.7,5.85
AAPL,1328020230,P,1334980800,430.0,455.25,10.0,10.15
AAPL,1328020230,P,1331956800,465.0,455.25,18.1,18.4
AAPL,1328020230,P,1331956800,470.0,455.25,21.3,21.55
AAPL,1328020230,P,1331956800,460.0,455.25,15.3,15.55
AAPL,1328020230,P,1331956800,415.0,455.25,2.22,2.34
AAPL,1328020230,P,1331956800,420.0,455.25,2.86,2.95
AAPL,1328020230,P,1331956800,430.0,455.25,4.55,4.7
AAPL,1328020230,P,1334980800,350.0,455.25,0.8,0.83
AAPL,1328020230,P,1331956800,405.0,455.25,1.38,1.47
AAPL,1328020230,P,1331956800,400.0,455.25,1.11,1.18
AAPL,1328020230,P,1334980800,410.0,455.25,5.3,5.5
AAPL,1328020230,P,1331956800,410.0,455.25,1.8,1.85
AAPL,1328020230,P,1334980800,400.0,455.25,3.75,4.0
AAPL,1328020230,P,1334980800,260.0,455.25,0.0,0.12
AAPL,1328020230,P,1334980800,420.0,455.25,7.35,7.55
AAPL,1328020230,P,1334980800,370.0,455.25,1.4,1.59
AAPL,1328020230,P,1334980800,280.0,455.25,0.06,0.18
AAPL,1328020230,P,1331956800,305.0,455.25,0.04,0.11
AAPL,1328020230,P,1331956800,290.0,455.25,0.0,0.09
AAPL,1328020230,P,1331956800,285.0,455.25,0.0,0.09
AAPL,1328020230,P,1331956800,295.0,455.25,0.0,0.1
AAPL,1328020230,P,1334980800,340.0,455.25,0.5,0.62
AAPL,1328020230,P,1350705600,415.0,455.25,25.2,25.55
AAPL,1328020230,P,1331956800,480.0,455.25,28.5,28.85
AAPL,1328020230,P,1331956800,475.0,455.25,24.75,25.1
AAPL,1328020230,P,1331956800,280.0,455.25,0.0,0.09
AAPL,1328020230,P,1350705600,395.0,455.25,18.95,19.25
AAPL,1328020230,P,1350705600,430.0,455.25,30.8,31.2
AAPL,1328020230,P,1350705600,425.0,455.25,28.8,29.25
AAPL,1328020230,P,1350705600,390.0,455.25,17.6,17.9
AAPL,1328020230,P,1350705600,295.0,455.25,3.45,3.65
AAPL,1328020230,P,1350705600,405.0,455.25,21.9,22.25
AAPL,1328020230,P,1350705600,420.0,455.25,26.95,27.25
AAPL,1328020230,P,1350705600,410.0,455.25,23.5,23.85
AAPL,1328020230,P,1350705600,400.0,455.25,20.4,20.75
AAPL,1328020230,P,1350705600,440.0,455.25,34.95,35.4
AAPL,1328020230,P,1350705600,280.0,455.25,2.56,2.83
AAPL,1328020230,P,1350705600,285.0,455.25,2.85,3.1
AAPL,1328020230,P,1350705600,305.0,455.25,4.15,4.45
AAPL,1328020230,P,1350705600,300.0,455.25,3.8,4.0
AAPL,1328020230,P,1350705600,445.0,455.25,37.2,37.65
AAPL,1328020230,P,1350705600,450.0,455.25,39.45,40.0
AAPL,1328020230,P,1350705600,455.0,455.25,41.85,42.4
AAPL,1328020230,P,1350705600,480.0,455.25,55.4,56.1
AAPL,1328020230,P,1350705600,435.0,455.25,32.85,33.25
AAPL,1328020230,P,1350705600,370.0,455.25,12.9,13.25
AAPL,1328020230,P,1350705600,475.0,455.25,52.65,53.15
AAPL,1328020230,P,1350705600,460.0,455.25,44.5,44.95
AAPL,1328020230,P,1350705600,465.0,455.25,47.1,47.65
AAPL,1328020230,P,1350705600,470.0,455.25,49.8,50.3
AAPL,1328020230,P,1350705600,360.0,455.25,10.95,11.25
AAPL,1328020230,P,1350705600,375.0,455.25,13.95,14.3
AAPL,1328020230,P,1342843200,430.0,455.25,21.6,21.95
AAPL,1328020230,P,1342843200,450.0,455.25,29.9,30.35
AAPL,1328020230,P,1342843200,410.0,455.25,15.2,15.55
AAPL,1328020230,P,1342843200,440.0,455.25,25.55,25.9
AAPL,1328020230,P,1342843200,425.0,455.25,19.85,20.2
AAPL,1328020230,P,1342843200,420.0,455.25,18.25,18.5
AAPL,1328020230,P,1342843200,435.0,455.25,23.55,23.9
AAPL,1328020230,P,1342843200,445.0,455.25,27.7,28.05
AAPL,1328020230,P,1342843200,465.0,455.25,37.45,37.85
AAPL,1328020230,P,1342843200,455.0,455.25,32.3,32.7
AAPL,1328020230,P,1342843200,470.0,455.25,40.2,40.6
AAPL,1328020230,P,1342843200,475.0,455.25,43.1,43.5
AAPL,1328020230,P,1342843200,460.0,455.25,34.55,35.2
AAPL,1328020230,P,1342843200,480.0,455.25,46.05,46.5
AAPL,1328020230,P,1390021200,430.0,455.25,62.7,64.2
AAPL,1328020230,P,1390021200,390.0,455.25,45.35,46.85
AAPL,1328020230,P,1390021200,410.0,455.25,53.55,55.1
AAPL,1328020230,P,1390021200,400.0,455.25,49.35,50.8
AAPL,1328020230,P,1390021200,340.0,455.25,27.9,29.6
AAPL,1328020230,P,1342843200,490.0,455.25,52.15,53.2
AAPL,1328020230,P,1342843200,485.0,455.25,49.15,49.75
AAPL,1328020230,P,1390021200,370.0,455.25,37.85,39.3
AAPL,1328020230,P,1390021200,360.0,455.25,34.45,35.95
AAPL,1328020230,P,1342843200,350.0,455.25,4.6,4.75
AAPL,1328020230,P,1390021200,420.0,455.25,58.1,59.5
AAPL,1328020230,P,1342843200,365.0,455.25,6.3,6.5
AAPL,1328020230,P,1390021200,380.0,455.25,41.4,42.9
AAPL,1328020230,P,1342843200,375.0,455.25,7.7,8.0
AAPL,1328020230,P,1342843200,370.0,455.25,7.0,7.15
AAPL,1328020230,P,1342843200,380.0,455.25,8.5,8.8
AAPL,1328020230,P,1342843200,360.0,455.25,5.7,5.85
AAPL,1328020230,P,1342843200,405.0,455.25,13.95,14.2
AAPL,1328020230,P,1342843200,390.0,455.25,10.4,10.65
AAPL,1328020230,P,1342843200,395.0,455.25,11.5,11.8
AAPL,1328020230,P,1342843200,400.0,455.25,12.6,12.95
AAPL,1328020230,P,1342843200,415.0,455.25,16.65,16.95
AAPL,1328020230,P,1342843200,385.0,455.25,9.4,9.7
AAPL,1328020230,P,1342843200,295.0,455.25,1.41,1.53
AAPL,1328020230,P,1342843200,300.0,455.25,1.57,1.7
AAPL,1328020230,P,1342843200,305.0,455.25,1.76,1.89
AAPL,1328020230,P,1342843200,290.0,455.25,1.27,1.42
AAPL,1328020230,P,1342843200,315.0,455.25,2.12,2.3
AAPL,1328020230,P,1342843200,320.0,455.25,2.4,2.55
AAPL,1328020230,P,1342843200,310.0,455.25,1.95,2.1
AAPL,1328020230,P,1342843200,325.0,455.25,2.66,2.81
AAPL,1328020230,P,1342843200,330.0,455.25,2.91,3.15
AAPL,1328020230,P,1342843200,340.0,455.25,3.7,3.85
AAPL,1328020230,P,1342843200,335.0,455.25,3.25,3.5
AAPL,1328020230,P,1342843200,355.0,455.25,5.1,5.25
AAPL,1328020230,P,1331956800,360.0,455.25,0.2,0.29
AAPL,1328020230,P,1342843200,345.0,455.25,4.15,4.25
AAPL,1328020230,P,1331956800,345.0,455.25,0.1,0.2
AAPL,1328020230,P,1331956800,340.0,455.25,0.1,0.18
AAPL,1328020230,P,1331956800,335.0,455.25,0.1,0.17
AAPL,1328020230,P,1331956800,330.0,455.25,0.05,0.15
AAPL,1328020230,P,1331956800,370.0,455.25,0.26,0.34
AAPL,1328020230,P,1331956800,325.0,455.25,0.03,0.14
AAPL,1328020230,P,1331956800,310.0,455.25,0.01,0.11
AAPL,1328020230,P,1331956800,300.0,455.25,0.0,0.1
AAPL,1328020230,P,1331956800,320.0,455.25,0.05,0.12
AAPL,1328020230,P,1331956800,315.0,455.25,0.05,0.11
AAPL,1328020230,P,1331956800,355.0,455.25,0.15,0.26
AAPL,1328020230,P,1331956800,395.0,455.25,0.87,0.93
AAPL,1328020230,P,1331956800,390.0,455.25,0.68,0.75
AAPL,1328020230,P,1331956800,380.0,455.25,0.41,0.48
AAPL,1328020230,P,1331956800,375.0,455.25,0.33,0.41
AAPL,1328020230,P,1331956800,385.0,455.25,0.53,0.6
AAPL,1328020230,P,1331956800,365.0,455.25,0.28,0.33
AAPL,1328020230,P,1331956800,350.0,455.25,0.13,0.24
AAPL,1328020230,P,1337400000,465.0,455.25,30.1,30.6
AAPL,1328020230,P,1337400000,470.0,455.25,33.05,33.4
AAPL,1328020230,P,1337400000,455.0,455.25,25.1,25.4
AAPL,1328020230,P,1337400000,460.0,455.25,27.55,27.9
AAPL,1328020230,P,1337400000,450.0,455.25,22.7,23.05
AAPL,1328020230,P,1337400000,505.0,455.25,56.95,57.95
AAPL,1328020230,P,1337400000,510.0,455.25,60.9,61.9
AAPL,1328020230,P,1337400000,495.0,455.25,49.35,50.3
AAPL,1328020230,P,1337400000,500.0,455.25,53.1,53.9
AAPL,1328020230,P,1337400000,485.0,455.25,42.35,43.05
AAPL,1328020230,P,1337400000,490.0,455.25,45.8,46.5
AAPL,1328020230,P,1337400000,475.0,455.25,35.95,36.45
AAPL,1328020230,P,1337400000,480.0,455.25,39.15,39.6
AAPL,1328020230,P,1337400000,525.0,455.25,73.45,75.2
AAPL,1328020230,P,1337400000,530.0,455.25,77.9,79.6
AAPL,1328020230,P,1337400000,515.0,455.25,65.0,66.6
AAPL,1328020230,P,1337400000,520.0,455.25,69.4,70.15
AAPL,1328020230,P,1358571600,460.0,455.25,51.9,53.0
AAPL,1328020230,P,1358571600,470.0,455.25,57.1,58.35
AAPL,1328020230,P,1358571600,550.0,455.25,110.85,112.2
AAPL,1328020230,P,1334980800,550.0,455.25,94.95,95.7
AAPL,1328020230,P,1331956800,595.0,455.25,137.4,141.4
AAPL,1328020230,P,1331956800,605.0,455.25,147.4,151.5
AAPL,1328020230,P,1331956800,600.0,455.25,142.45,146.5
AAPL,1328020230,P,1334980800,545.0,455.25,89.9,90.65
AAPL,1328020230,P,1334980800,555.0,455.25,99.65,100.4
AAPL,1328020230,P,1331956800,525.0,455.25,69.6,70.15
AAPL,1328020230,P,1331956800,550.0,455.25,92.8,96.0
AAPL,1328020230,P,1331956800,545.0,455.25,89.15,90.05
AAPL,1328020230,P,1331956800,190.0,455.25,0.0,0.08
AAPL,1328020230,P,1331956800,195.0,455.25,0.0,0.08
AAPL,1328020230,P,1334980800,565.0,455.25,109.3,110.25
AAPL,1328020230,P,1390021200,440.0,455.25,67.75,69.05
AAPL,1328020230,P,1334980800,560.0,455.25,104.45,105.35
AAPL,1328020230,P,1358571600,560.0,455.25,118.9,120.3
AAPL,1328020230,P,1331956800,490.0,455.25,36.7,37.1
AAPL,1328020230,P,1331956800,240.0,455.25,0.0,0.08
AAPL,1328020230,P,1334980800,540.0,455.25,83.7,87.1
AAPL,1328020230,P,1331956800,220.0,455.25,0.0,0.08
AAPL,1328020230,P,1331956800,245.0,455.25,0.0,0.08
AAPL,1328020230,P,1331956800,205.0,455.25,0.0,0.08
AAPL,1328020230,P,1331956800,215.0,455.25,0.0,0.08
AAPL,1328020230,P,1331956800,235.0,455.25,0.0,0.08
AAPL,1328020230,P,1331956800,250.0,455.25,0.01,0.08
AAPL,1328020230,P,1331956800,230.0,455.25,0.0,0.08
AAPL,1328020230,P,1331956800,260.0,455.25,0.0,0.08
AAPL,1328020230,P,1331956800,210.0,455.25,0.0,0.08
AAPL,1328020230,P,1331956800,225.0,455.25,0.0,0.08
AAPL,1328020230,P,1331956800,200.0,455.25,0.0,0.08
AAPL,1328020230,P,1331956800,555.0,455.25,97.45,101.5
AAPL,1328020230,P,1329541200,195.0,455.25,0.0,0.08
AAPL,1328020230,P,1329541200,190.0,455.25,0.0,0.02
AAPL,1328020230,P,1331956800,255.0,455.25,0.0,0.08
AAPL,1328020230,P,1329541200,185.0,455.25,0.0,0.02
AAPL,1328020230,P,1331956800,185.0,455.25,0.0,0.08
AAPL,1328020230,P,1331956800,275.0,455.25,0.01,0.08
AAPL,1328020230,P,1331956800,485.0,455.25,32.45,32.9
AAPL,1328020230,P,1331956800,520.0,455.25,64.65,65.2
AAPL,1328020230,P,1331956800,270.0,455.25,0.0,0.08
AAPL,1328020230,P,1331956800,540.0,455.25,82.95,86.35
AAPL,1328020230,P,1331956800,495.0,455.25,40.85,41.6
AAPL,1328020230,P,1331956800,500.0,455.25,45.65,46.2
AAPL,1328020230,P,1331956800,530.0,455.25,73.2,75.95
AAPL,1328020230,P,1331956800,510.0,455.25,53.6,56.8
AAPL,1328020230,P,1331956800,515.0,455.25,58.3,61.55
AAPL,1328020230,P,1331956800,505.0,455.25,50.15,50.8
AAPL,1328020230,P,1331956800,265.0,455.25,0.0,0.08
AAPL,1328020230,P,1331956800,535.0,455.25,79.55,80.2
AAPL,1328020230,P,1350705600,610.0,455.25,157.6,160.2
AAPL,1328020230,P,1350705600,595.0,455.25,143.1,146.45
AAPL,1328020230,P,1350705600,605.0,455.25,153.5,154.9
AAPL,1328020230,P,1350705600,600.0,455.25,148.85,150.15
AAPL,1328020230,P,1358571600,625.0,455.25,175.1,176.6
AAPL,1328020230,P,1358571600,565.0,455.25,122.85,124.5
AAPL,1328020230,P,1358571600,595.0,455.25,148.3,149.85
AAPL,1328020230,P,1358571600,545.0,455.25,106.4,109.15
AAPL,1328020230,P,1358571600,615.0,455.25,166.05,167.7
AAPL,1328020230,P,1358571600,465.0,455.25,54.45,55.7
AAPL,1328020230,P,1358571600,535.0,455.25,99.65,100.4
AAPL,1328020230,P,1358571600,505.0,455.25,78.1,79.4
AAPL,1328020230,P,1358571600,485.0,455.25,65.75,67.4
AAPL,1328020230,P,1358571600,445.0,455.25,44.55,45.75
AAPL,1328020230,P,1342843200,565.0,455.25,112.7,114.25
AAPL,1328020230,P,1342843200,585.0,455.25,131.5,132.5
AAPL,1328020230,P,1342843200,545.0,455.25,95.1,96.0
AAPL,1328020230,P,1342843200,595.0,455.25,141.05,142.05
AAPL,1328020230,P,1342843200,535.0,455.25,86.35,87.95
AAPL,1328020230,P,1342843200,635.0,455.25,178.35,181.8
AAPL,1328020230,P,1342843200,605.0,455.25,149.15,152.6
AAPL,1328020230,P,1358571600,475.0,455.25,59.85,61.15
AAPL,1328020230,P,1342843200,575.0,455.25,120.7,124.15
AAPL,1328020230,P,1342843200,275.0,455.25,0.94,1.05
AAPL,1328020230,P,1342843200,225.0,455.25,0.34,0.47
AAPL,1328020230,P,1342843200,285.0,455.25,1.15,1.28
AAPL,1328020230,P,1342843200,525.0,455.25,78.3,78.9
AAPL,1328020230,P,1342843200,615.0,455.25,158.85,162.3
AAPL,1328020230,P,1342843200,245.0,455.25,0.5,0.63
AAPL,1328020230,P,1342843200,495.0,455.25,55.8,56.25
AAPL,1328020230,P,1342843200,555.0,455.25,103.7,105.15
AAPL,1328020230,P,1342843200,215.0,455.25,0.26,0.42
AAPL,1328020230,P,1334980800,595.0,455.25,137.45,141.5
AAPL,1328020230,P,1358571600,525.0,455.25,91.25,93.75
AAPL,1328020230,P,1358571600,635.0,455.25,183.9,185.6
AAPL,1328020230,P,1334980800,215.0,455.25,0.0,0.08
AAPL,1328020230,P,1358571600,515.0,455.25,84.65,86.15
AAPL,1328020230,P,1358571600,455.0,455.25,49.4,50.6
AAPL,1328020230,P,1342843200,625.0,455.25,168.6,172.0
AAPL,1328020230,P,1358571600,495.0,455.25,71.75,73.45
AAPL,1328020230,P,1342843200,265.0,455.25,0.75,0.86
AAPL,1328020230,P,1358571600,605.0,455.25,156.45,159.3
AAPL,1328020230,P,1342843200,505.0,455.25,62.7,63.75
AAPL,1328020230,P,1342843200,515.0,455.25,70.2,71.2
AAPL,1328020230,P,1358571600,575.0,455.25,131.3,132.7
AAPL,1328020230,P,1358571600,555.0,455.25,113.95,116.9
AAPL,1328020230,P,1358571600,585.0,455.25,138.65,141.9
AAPL,1328020230,P,1390021200,460.0,455.25,77.95,79.35
AAPL,1328020230,P,1390021200,470.0,455.25,83.4,84.95
AAPL,1328020230,P,1390021200,480.0,455.25,89.0,90.55
AAPL,1328020230,P,1390021200,490.0,455.25,94.9,96.55
AAPL,1328020230,P,1390021200,450.0,455.25,72.7,74.15
AAPL,1328020230,P,1390021200,500.0,455.25,100.9,102.55
AAPL,1328020230,P,1390021200,530.0,455.25,120.2,121.95
AAPL,1328020230,P,1390021200,520.0,455.25,113.45,115.25
AAPL,1328020230,P,1390021200,550.0,455.25,134.15,135.75
AAPL,1328020230,P,1390021200,540.0,455.25,126.9,128.65
AAPL,1328020230,P,1390021200,510.0,455.25,107.1,108.8
AAPL,1328020230,P,1390021200,570.0,455.25,148.5,150.2
AAPL,1328020230,P,1390021200,560.0,455.25,141.2,142.85
AAPL,1328020230,P,1390021200,580.0,455.25,156.05,157.7
AAPL,1328020230,P,1358571600,410.0,455.25,30.35,31.35
AAPL,1328020230,P,1331956800,645.0,455.25,187.4,191.5
AAPL,1328020230,P,1358571600,430.0,455.25,38.05,39.2
AAPL,1328020230,P,1358571600,145.0,455.25,0.3,0.63
AAPL,1328020230,P,1358571600,150.0,455.25,0.34,0.73
AAPL,1328020230,P,1358571600,135.0,455.25,0.4,0.5
AAPL,1328020230,P,1358571600,140.0,455.25,0.21,0.57
AAPL,1328020230,P,1358571600,195.0,455.25,0.99,1.37
AAPL,1328020230,P,1358571600,200.0,455.25,1.3,1.49
AAPL,1328020230,P,1358571600,155.0,455.25,0.36,0.73
AAPL,1328020230,P,1358571600,160.0,455.25,0.44,0.84
AAPL,1328020230,P,1358571600,165.0,455.25,0.49,0.85
AAPL,1328020230,P,1358571600,170.0,455.25,0.55,0.92
AAPL,1328020230,P,1358571600,175.0,455.25,0.73,1.01
AAPL,1328020230,P,1358571600,180.0,455.25,0.7,1.1
AAPL,1328020230,P,1358571600,185.0,455.25,0.84,1.19
AAPL,1328020230,P,1329541200,645.0,455.25,187.55,191.65
AAPL,1328020230,P,1358571600,190.0,455.25,0.87,1.29
AAPL,1328020230,P,1358571600,540.0,455.25,103.05,104.75
AAPL,1328020230,P,1334980800,530.0,455.25,75.45,76.45
AAPL,1328020230,P,1329541200,615.0,455.25,157.5,161.6
AAPL,1328020230,P,1331956800,615.0,455.25,157.5,161.6
AAPL,1328020230,P,1331956800,625.0,455.25,167.4,171.5
AAPL,1328020230,P,1329541200,625.0,455.25,167.55,171.55
AAPL,1328020230,P,1329541200,635.0,455.25,177.5,181.6
AAPL,1328020230,P,1328245200,440.0,455.25,0.25,0.3
AAPL,1328020230,P,1328245200,480.0,455.25,24.15,25.0
AAPL,1328020230,P,1328245200,490.0,455.25,32.8,36.05
AAPL,1328020230,P,1328245200,430.0,455.25,0.08,0.15
AAPL,1328020230,P,1328245200,420.0,455.25,0.03,0.08
AAPL,1328020230,P,1328245200,460.0,455.25,6.2,6.45
AAPL,1328020230,P,1328245200,470.0,455.25,14.55,15.1
AAPL,1328020230,P,1328245200,435.0,455.25,0.16,0.19
AAPL,1328020230,P,1328245200,450.0,455.25,1.53,1.64
AAPL,1328020230,P,1358571600,655.0,455.25,201.05,205.15
AAPL,1328020230,P,1358571600,665.0,455.25,210.5,214.6
AAPL,1328020230,P,1337400000,645.0,455.25,187.5,191.6
AAPL,1328020230,P,1342843200,655.0,455.25,198.15,201.55
AAPL,1328020230,P,1350705600,655.0,455.25,199.45,202.9
AAPL,1328020230,P,1350705600,665.0,455.25,210.5,211.85
AAPL,1328020230,P,1337400000,640.0,455.25,182.9,186.25
AAPL,1328020230,P,1358571600,450.0,455.25,47.5,48.15
AAPL,1328020230,P,1358571600,600.0,455.25,152.7,154.05
AAPL,1328020230,P,1334980800,600.0,455.25,142.45,146.5
AAPL,1328020230,P,1342843200,255.0,455.25,0.6,0.72
AAPL,1328020230,P,1334980800,615.0,455.25,157.45,161.45
AAPL,1328020230,P,1342843200,235.0,455.25,0.41,0.53
AAPL,1328020230,P,1334980800,625.0,455.25,167.45,171.7
AAPL,1328020230,P,1334980800,585.0,455.25,127.9,131.3
AAPL,1328020230,P,1334980800,605.0,455.25,147.4,151.45
AAPL,1328020230,P,1334980800,575.0,455.25,119.35,120.1
AAPL,1328020230,P,1334980800,635.0,455.25,177.4,181.5
AAPL,1328020230,P,1328245200,485.0,455.25,29.15,30.0
AAPL,1328020230,P,1328245200,400.0,455.25,0.03,0.05
AAPL,1328020230,P,1328245200,410.0,455.25,0.01,0.07
AAPL,1328020230,P,1328245200,465.0,455.25,10.1,10.45
AAPL,1328020230,P,1328245200,475.0,455.25,19.35,20.0
AAPL,1328020230,P,1328245200,445.0,455.25,0.63,0.72
AAPL,1328020230,P,1328245200,425.0,455.25,0.04,0.12
AAPL,1328020230,P,1328245200,495.0,455.25,37.8,41.0
AAPL,1328020230,P,1328245200,405.0,455.25,0.0,0.11
AAPL,1328020230,P,1328245200,455.0,455.25,3.3,3.5
AAPL,1328020230,P,1328245200,415.0,455.25,0.02,0.13
AAPL,1328020230,P,1329541200,660.0,455.25,202.5,206.6
AAPL,1328020230,P,1329541200,670.0,455.25,213.9,215.1
AAPL,1328020230,P,1334980800,225.0,455.25,0.0,0.09
AAPL,1328020230,P,1331956800,635.0,455.25,177.4,181.5
AAPL,1328020230,P,1329541200,650.0,455.25,192.55,196.55
AAPL,1328020230,P,1358571600,320.0,455.25,9.1,9.65
AAPL,1328020230,P,1331956800,670.0,455.25,212.35,216.5
AAPL,1328020230,P,1331956800,650.0,455.25,192.4,196.5
AAPL,1328020230,P,1358571600,330.0,455.25,10.45,11.35
AAPL,1328020230,P,1358571600,340.0,455.25,12.4,13.1
AAPL,1328020230,P,1358571600,400.0,455.25,27.0,27.9
AAPL,1328020230,P,1358571600,360.0,455.25,16.15,16.9
AAPL,1328020230,P,1358571600,370.0,455.25,18.45,19.25
AAPL,1328020230,P,1358571600,380.0,455.25,21.1,21.9
AAPL,1328020230,P,1358571600,390.0,455.25,24.15,24.85
AAPL,1328020230,P,1331956800,660.0,455.25,202.4,206.5
AAPL,1328020230,P,1358571600,350.0,455.25,14.25,14.75
AAPL,1328020230,P,1358571600,420.0,455.25,34.05,35.1
AAPL,1328020230,P,1342843200,645.0,455.25,188.25,191.65
AAPL,1328020230,P,1334980800,645.0,455.25,187.45,190.8
AAPL,1328020230,P,1358571600,500.0,455.25,74.95,76.7
AAPL,1328020230,P,1334980800,455.0,455.25,19.4,19.7
AAPL,1328020230,P,1334980800,465.0,455.25,24.55,24.85
AAPL,1328020230,P,1334980800,485.0,455.25,37.3,37.95
AAPL,1328020230,P,1334980800,475.0,455.25,30.6,30.9
AAPL,1328020230,P,1334980800,435.0,455.25,11.45,11.7
AAPL,1328020230,P,1334980800,445.0,455.25,15.05,15.3
AAPL,1328020230,P,1331956800,610.0,455.25,152.45,156.45
AAPL,1328020230,P,1358571600,645.0,455.25,193.05,194.9
AAPL,1328020230,P,1350705600,645.0,455.25,189.8,193.25
AAPL,1328020230,P,1390021200,645.0,455.25,207.8,209.5
AAPL,1328020230,P,1329541200,215.0,455.25,0.0,0.08
AAPL,1328020230,P,1329541200,205.0,455.25,0.0,0.08
AAPL,1328020230,P,1329541200,230.0,455.25,0.0,0.08
AAPL,1328020230,P,1329541200,605.0,455.25,147.45,151.45
AAPL,1328020230,P,1329541200,595.0,455.25,137.55,141.65
AAPL,1328020230,P,1329541200,200.0,455.25,0.0,0.08
AAPL,1328020230,P,1329541200,210.0,455.25,0.0,0.08
AAPL,1328020230,P,1329541200,570.0,455.25,112.5,116.6
AAPL,1328020230,P,1329541200,590.0,455.25,132.5,136.6
AAPL,1328020230,P,1329541200,580.0,455.25,122.6,126.65
AAPL,1328020230,P,1329541200,235.0,455.25,0.0,0.08
AAPL,1328020230,P,1329541200,245.0,455.25,0.0,0.08
AAPL,1328020230,P,1329541200,255.0,455.25,0.0,0.08
AAPL,1328020230,P,1329541200,265.0,455.25,0.0,0.08
AAPL,1328020230,P,1329541200,275.0,455.25,0.0,0.08
AAPL,1328020230,P,1329541200,515.0,455.25,59.1,60.05
AAPL,1328020230,P,1329541200,525.0,455.25,68.9,70.05
AAPL,1328020230,P,1329541200,535.0,455.25,78.9,80.1
AAPL,1328020230,P,1329541200,545.0,455.25,87.5,91.6
AAPL,1328020230,P,1329541200,555.0,455.25,97.5,101.1
AAPL,1328020230,P,1329541200,565.0,455.25,107.5,111.6
AAPL,1328020230,P,1329541200,575.0,455.25,117.5,121.6
AAPL,1328020230,P,1329541200,585.0,455.25,127.4,131.5
AAPL,1328020230,P,1329541200,600.0,455.25,142.55,146.65
AAPL,1328020230,P,1329541200,560.0,455.25,102.6,106.75
AAPL,1328020230,P,1329541200,280.0,455.25,0.0,0.08
AAPL,1328020230,P,1329541200,530.0,455.25,73.9,75.05
AAPL,1328020230,P,1329541200,540.0,455.25,82.5,86.45
AAPL,1328020230,P,1329541200,550.0,455.25,92.6,96.15
AAPL,1328020230,P,1329541200,270.0,455.25,0.0,0.08
AAPL,1328020230,P,1329541200,240.0,455.25,0.0,0.08
AAPL,1328020230,P,1329541200,250.0,455.25,0.0,0.08
AAPL,1328020230,P,1329541200,260.0,455.25,0.0,0.08
AAPL,1328020230,P,1329541200,225.0,455.25,0.0,0.08
AAPL,1328020230,P,1329541200,500.0,455.25,44.4,45.15
AAPL,1328020230,P,1329541200,290.0,455.25,0.0,0.03
AAPL,1328020230,P,1329541200,520.0,455.25,64.1,64.95
AAPL,1328020230,P,1329541200,510.0,455.25,54.5,55.0
AAPL,1328020230,P,1329541200,505.0,455.25,49.35,50.2
AAPL,1328020230,P,1329541200,285.0,455.25,0.0,0.04
AAPL,1328020230,P,1358571600,520.0,455.25,88.75,89.5
AAPL,1328020230,P,1334980800,505.0,455.25,53.1,53.8
AAPL,1328020230,P,1334980800,535.0,455.25,80.25,81.05
AAPL,1328020230,P,1334980800,525.0,455.25,70.8,71.7
AAPL,1328020230,P,1334980800,495.0,455.25,44.95,45.5
AAPL,1328020230,P,1329541200,640.0,455.25,182.55,186.55
AAPL,1328020230,P,1329541200,630.0,455.25,172.55,176.65
AAPL,1328020230,P,1331956800,620.0,455.25,162.4,166.5
AAPL,1328020230,P,1329541200,610.0,455.25,152.45,156.5
AAPL,1328020230,P,1329541200,620.0,455.25,162.55,166.55
AAPL,1328020230,P,1334980800,515.0,455.25,61.65,63.45
AAPL,1328020230,P,1331956800,640.0,455.25,182.4,186.5
AAPL,1328020230,P,1331956800,630.0,455.25,172.4,176.5
AAPL,1328020230,P,1334980800,180.0,455.25,0.0,0.08
AAPL,1328020230,P,1334980800,460.0,455.25,21.85,22.15
AAPL,1328020230,P,1334980800,470.0,455.25,27.45,27.8
AAPL,1328020230,P,1334980800,480.0,455.25,33.9,34.25
AAPL,1328020230,P,1334980800,185.0,455.25,0.0,0.08
AAPL,1328020230,P,1334980800,195.0,455.25,0.0,0.08
AAPL,1328020230,P,1334980800,440.0,455.25,13.15,13.4
AAPL,1328020230,P,1334980800,200.0,455.25,0.01,0.08
AAPL,1328020230,P,1334980800,210.0,455.25,0.0,0.08
AAPL,1328020230,P,1334980800,190.0,455.25,0.0,0.08
AAPL,1328020230,P,1334980800,220.0,455.25,0.0,0.09
AAPL,1328020230,P,1334980800,175.0,455.25,0.0,0.08
AAPL,1328020230,P,1334980800,170.0,455.25,0.0,0.08
AAPL,1328020230,P,1334980800,450.0,455.25,17.15,17.4
AAPL,1328020230,P,1334980800,165.0,455.25,0.0,0.08
AAPL,1328020230,P,1358571600,220.0,455.25,1.68,2.02
AAPL,1328020230,P,1358571600,210.0,455.25,1.46,1.76
AAPL,1328020230,P,1358571600,260.0,455.25,3.45,3.85
AAPL,1328020230,P,1358571600,250.0,455.25,3.0,3.35
AAPL,1328020230,P,1358571600,240.0,455.25,2.31,2.83
AAPL,1328020230,P,1358571600,230.0,455.25,2.04,2.39
AAPL,1328020230,P,1358571600,270.0,455.25,4.05,4.45
AAPL,1328020230,P,1358571600,280.0,455.25,5.0,5.25
AAPL,1328020230,P,1358571600,290.0,455.25,5.7,6.15
AAPL,1328020230,P,1358571600,300.0,455.25,7.0,7.15
AAPL,1328020230,P,1358571600,310.0,455.25,8.1,8.45
AAPL,1328020230,P,1358571600,490.0,455.25,68.55,69.9
AAPL,1328020230,P,1390021200,660.0,455.25,219.5,222.0
AAPL,1328020230,P,1390021200,670.0,455.25,228.05,232.1
AAPL,1328020230,P,1358571600,670.0,455.25,216.5,218.75
AAPL,1328020230,P,1390021200,650.0,455.25,211.0,213.65
AAPL,1328020230,P,1350705600,675.0,455.25,218.85,222.3
AAPL,1328020230,P,1342843200,675.0,455.25,218.0,221.4
AAPL,1328020230,P,1342843200,680.0,455.25,222.95,226.4
AAPL,1328020230,P,1350705600,680.0,455.25,225.15,226.5
AAPL,1328020230,P,1358571600,680.0,455.25,226.15,228.3
AAPL,1328020230,P,1358571600,675.0,455.25,221.6,223.3
AAPL,1328020230,P,1334980800,660.0,455.25,202.45,206.5
AAPL,1328020230,P,1334980800,670.0,455.25,212.45,216.5
AAPL,1328020230,P,1334980800,650.0,455.25,192.45,195.8
AAPL,1328020230,P,1342843200,650.0,455.25,193.2,196.6
AAPL,1328020230,P,1334980800,520.0,455.25,66.35,67.05
AAPL,1328020230,P,1342843200,660.0,455.25,203.15,206.5
AAPL,1328020230,P,1334980800,510.0,455.25,57.45,58.05
AAPL,1328020230,P,1342843200,670.0,455.25,213.0,216.45
AAPL,1328020230,P,1334980800,500.0,455.25,49.0,49.5
AAPL,1328020230,P,1350705600,650.0,455.25,195.9,197.35
AAPL,1328020230,P,1358571600,650.0,455.25,196.45,200.45
AAPL,1328020230,P,1358571600,660.0,455.25,206.85,209.25
AAPL,1328020230,P,1350705600,660.0,455.25,205.55,207.0
AAPL,1328020230,P,1350705600,670.0,455.25,213.95,217.4
AAPL,1328020230,P,1334980800,490.0,455.25,41.15,41.55
AAPL,1328020230,P,1350705600,580.0,455.25,130.9,132.2
AAPL,1328020230,P,1350705600,590.0,455.25,139.5,141.9
AAPL,1328020230,P,1350705600,245.0,455.25,1.33,1.53
AAPL,1328020230,P,1350705600,255.0,455.25,1.63,1.84
AAPL,1328020230,P,1350705600,525.0,455.25,85.6,86.6
AAPL,1328020230,P,1350705600,535.0,455.25,93.4,94.2
AAPL,1328020230,P,1350705600,530.0,455.25,89.35,90.35
AAPL,1328020230,P,1350705600,585.0,455.25,134.15,137.45
AAPL,1328020230,P,1350705600,260.0,455.25,1.79,1.99
AAPL,1328020230,P,1350705600,520.0,455.25,82.05,82.8
AAPL,1328020230,P,1350705600,250.0,455.25,1.49,1.69
AAPL,1328020230,P,1358571600,285.0,455.25,5.15,5.7
AAPL,1328020230,P,1358571600,275.0,455.25,4.45,4.85
AAPL,1328020230,P,1358571600,315.0,455.25,8.35,9.0
AAPL,1328020230,P,1358571600,295.0,455.25,6.1,6.7
AAPL,1328020230,P,1358571600,305.0,455.25,7.15,7.75
AAPL,1328020230,P,1358571600,325.0,455.25,9.8,10.4
AAPL,1328020230,P,1358571600,335.0,455.25,11.0,12.1
AAPL,1328020230,P,1358571600,365.0,455.25,17.2,18.05
AAPL,1328020230,P,1358571600,345.0,455.25,13.3,13.9
AAPL,1328020230,P,1358571600,355.0,455.25,15.25,15.8
AAPL,1328020230,P,1358571600,415.0,455.25,32.1,33.15
AAPL,1328020230,P,1358571600,405.0,455.25,28.55,29.6
AAPL,1328020230,P,1358571600,425.0,455.25,35.95,37.15
AAPL,1328020230,P,1358571600,435.0,455.25,40.15,41.3
AAPL,1328020230,P,1358571600,265.0,455.25,3.6,4.15
AAPL,1328020230,P,1358571600,255.0,455.25,3.15,3.6
AAPL,1328020230,P,1358571600,375.0,455.25,19.7,20.6
AAPL,1328020230,P,1358571600,385.0,455.25,23.0,23.35
AAPL,1328020230,P,1358571600,205.0,455.25,1.3,1.62
AAPL,1328020230,P,1358571600,245.0,455.25,2.66,3.1
AAPL,1328020230,P,1358571600,225.0,455.25,1.9,2.23
AAPL,1328020230,P,1358571600,215.0,455.25,1.56,1.9
AAPL,1328020230,P,1358571600,235.0,455.25,2.16,2.7
AAPL,1328020230,P,1334980800,590.0,455.25,132.9,136.35
AAPL,1328020230,P,1334980800,570.0,455.25,114.6,115.1
AAPL,1328020230,P,1358571600,570.0,455.25,126.0,129.45
AAPL,1328020230,P,1358571600,580.0,455.25,135.0,137.1
AAPL,1328020230,P,1358571600,590.0,455.25,143.35,146.2
AAPL,1328020230,P,1334980800,580.0,455.25,122.95,126.35
AAPL,1328020230,P,1358571600,395.0,455.25,25.4,26.4
AAPL,1328020230,P,1358571600,440.0,455.25,42.35,43.5
AAPL,1328020230,P,1390021200,220.0,455.25,5.55,6.25
AAPL,1328020230,P,1350705600,625.0,455.25,170.8,174.25
AAPL,1328020230,P,1390021200,225.0,455.25,6.05,6.85
AAPL,1328020230,P,1350705600,620.0,455.25,166.1,169.5
AAPL,1328020230,P,1390021200,230.0,455.25,6.6,7.35
AAPL,1328020230,P,1390021200,240.0,455.25,7.85,8.55
AAPL,1328020230,P,1390021200,265.0,455.25,11.25,12.3
AAPL,1328020230,P,1390021200,250.0,455.25,9.2,9.9
AAPL,1328020230,P,1390021200,270.0,455.25,11.95,13.35
AAPL,1328020230,P,1390021200,245.0,455.25,8.55,9.25
AAPL,1328020230,P,1350705600,630.0,455.25,175.5,178.95
AAPL,1328020230,P,1350705600,615.0,455.25,161.4,164.85
AAPL,1328020230,P,1390021200,235.0,455.25,7.2,7.9
AAPL,1328020230,P,1390021200,640.0,455.25,203.35,205.35
AAPL,1328020230,P,1390021200,260.0,455.25,10.55,11.6
AAPL,1328020230,P,1390021200,255.0,455.25,9.85,10.85
AAPL,1328020230,P,1390021200,275.0,455.25,13.1,14.25
AAPL,1328020230,P,1350705600,635.0,455.25,180.25,183.75
AAPL,1328020230,P,1358571600,630.0,455.25,178.55,181.85
AAPL,1328020230,P,1358571600,620.0,455.25,170.45,172.2
AAPL,1328020230,P,1390021200,620.0,455.25,186.2,190.3
AAPL,1328020230,P,1390021200,630.0,455.25,195.35,197.0
AAPL,1328020230,P,1342843200,630.0,455.25,173.45,176.9
AAPL,1328020230,P,1342843200,620.0,455.25,163.85,167.15
AAPL,1328020230,P,1334980800,620.0,455.25,162.4,166.5
AAPL,1328020230,P,1334980800,630.0,455.25,172.45,175.8
AAPL,1328020230,P,1358571600,480.0,455.25,62.65,64.0
AAPL,1328020230,P,1358571600,510.0,455.25,81.9,82.7
AAPL,1328020230,P,1334980800,205.0,455.25,0.0,0.08
AAPL,1328020230,P,1342843200,205.0,455.25,0.26,0.36
AAPL,1328020230,P,1342843200,250.0,455.25,0.54,0.68
AAPL,1328020230,P,1342843200,240.0,455.25,0.47,0.57
AAPL,1328020230,P,1342843200,280.0,455.25,1.05,1.15
AAPL,1328020230,P,1342843200,260.0,455.25,0.73,0.79
AAPL,1328020230,P,1342843200,270.0,455.25,0.85,0.95
AAPL,1328020230,P,1342843200,500.0,455.25,59.25,59.95
AAPL,1328020230,P,1342843200,510.0,455.25,66.55,67.35
AAPL,1328020230,P,1390021200,300.0,455.25,18.4,19.1
AAPL,1328020230,P,1390021200,310.0,455.25,20.15,21.45
AAPL,1328020230,P,1390021200,320.0,455.25,22.35,24.2
AAPL,1328020230,P,1358571600,530.0,455.25,95.9,96.7
AAPL,1328020230,P,1358571600,610.0,455.25,160.9,163.75
AAPL,1328020230,P,1334980800,610.0,455.25,152.45,156.4
AAPL,1328020230,P,1390021200,610.0,455.25,179.2,180.85
AAPL,1328020230,P,1342843200,210.0,455.25,0.25,0.38
AAPL,1328020230,P,1342843200,220.0,455.25,0.29,0.44
AAPL,1328020230,P,1342843200,230.0,455.25,0.37,0.5
AAPL,1328020230,P,1342843200,200.0,455.25,0.21,0.33
AAPL,1328020230,P,1342843200,520.0,455.25,74.3,74.85
AAPL,1328020230,P,1342843200,540.0,455.25,90.6,91.85
AAPL,1328020230,P,1342843200,550.0,455.25,99.5,100.25
AAPL,1328020230,P,1342843200,530.0,455.25,82.2,84.35
AAPL,1328020230,P,1342843200,600.0,455.25,145.8,146.8
AAPL,1328020230,P,1342843200,610.0,455.25,155.5,156.4
AAPL,1328020230,P,1390021200,280.0,455.25,13.9,15.1
AAPL,1328020230,P,1390021200,290.0,455.25,15.85,17.1
AAPL,1328020230,P,1342843200,560.0,455.25,108.15,109.9
AAPL,1328020230,P,1342843200,570.0,455.25,117.3,119.1
AAPL,1328020230,P,1342843200,580.0,455.25,125.55,128.8
AAPL,1328020230,P,1342843200,590.0,455.25,134.8,138.0
AAPL,1328020230,P,1390021200,635.0,455.25,199.15,201.1
AAPL,1328020230,P,1390021200,215.0,455.25,5.05,5.5
AAPL,1328020230,P,1342843200,195.0,455.25,0.2,0.31
AAPL,1328020230,P,1342843200,190.0,455.25,0.18,0.28
AAPL,1328020230,P,1342843200,185.0,455.25,0.16,0.27
AAPL,1328020230,P,1337400000,280.0,455.25,0.24,0.4
AAPL,1328020230,P,1337400000,300.0,455.25,0.45,0.55
AAPL,1328020230,P,1337400000,290.0,455.25,0.33,0.46
AAPL,1328020230,P,1337400000,295.0,455.25,0.39,0.51
AAPL,1328020230,P,1337400000,275.0,455.25,0.2,0.34
AAPL,1328020230,P,1337400000,265.0,455.25,0.15,0.29
AAPL,1328020230,P,1337400000,285.0,455.25,0.27,0.42
AAPL,1328020230,P,1337400000,270.0,455.25,0.17,0.31
AAPL,1328020230,P,1337400000,245.0,455.25,0.05,0.19
AAPL,1328020230,P,1337400000,240.0,455.25,0.03,0.2
AAPL,1328020230,P,1337400000,255.0,455.25,0.09,0.24
AAPL,1328020230,P,1337400000,260.0,455.25,0.11,0.25
AAPL,1328020230,P,1337400000,215.0,455.25,0.0,0.11
AAPL,1328020230,P,1337400000,235.0,455.25,0.02,0.19
AAPL,1328020230,P,1337400000,220.0,455.25,0.01,0.13
AAPL,1328020230,P,1337400000,230.0,455.25,0.02,0.18
AAPL,1328020230,P,1337400000,250.0,455.25,0.06,0.23
AAPL,1328020230,P,1337400000,600.0,455.25,143.1,146.55
AAPL,1328020230,P,1337400000,635.0,455.25,177.95,181.35
AAPL,1328020230,P,1337400000,625.0,455.25,167.95,171.3
AAPL,1328020230,P,1337400000,615.0,455.25,158.0,161.4
AAPL,1328020230,P,1337400000,630.0,455.25,172.95,176.3
AAPL,1328020230,P,1337400000,620.0,455.25,163.1,166.35
AAPL,1328020230,P,1337400000,610.0,455.25,154.25,155.45
AAPL,1328020230,P,1337400000,550.0,455.25,94.95,98.2
AAPL,1328020230,P,1337400000,585.0,455.25,128.45,131.85
AAPL,1328020230,P,1337400000,580.0,455.25,124.9,125.85
AAPL,1328020230,P,1337400000,595.0,455.25,138.2,141.65
AAPL,1328020230,P,1337400000,560.0,455.25,104.4,107.7
AAPL,1328020230,P,1337400000,565.0,455.25,109.05,112.5
AAPL,1328020230,P,1337400000,575.0,455.25,118.65,122.0
AAPL,1328020230,P,1337400000,590.0,455.25,133.45,136.6
AAPL,1328020230,P,1337400000,570.0,455.25,113.85,117.3
AAPL,1328020230,P,1337400000,555.0,455.25,99.55,103.0
AAPL,1328020230,P,1337400000,545.0,455.25,90.25,93.6
AAPL,1328020230,P,1337400000,320.0,455.25,0.82,0.92
AAPL,1328020230,P,1337400000,605.0,455.25,148.25,151.5
AAPL,1328020230,P,1337400000,540.0,455.25,86.9,89.05
AAPL,1328020230,P,1337400000,310.0,455.25,0.61,0.7
AAPL,1328020230,P,1337400000,325.0,455.25,0.96,1.06
AAPL,1328020230,P,1337400000,315.0,455.25,0.7,0.8
AAPL,1328020230,P,1337400000,535.0,455.25,82.35,84.35
AAPL,1328020230,P,1337400000,305.0,455.25,0.52,0.62
AAPL,1328020230,P,1337400000,225.0,455.25,0.01,0.13
AAPL,1328020230,P,1350705600,640.0,455.25,185.05,188.5
AAPL,1328020230,P,1342843200,640.0,455.25,183.3,186.75
AAPL,1328020230,P,1358571600,640.0,455.25,188.65,190.1
AAPL,1328020230,P,1334980800,640.0,455.25,182.4,186.5
AAPL,1328020230,P,1390021200,600.0,455.25,171.2,172.95
AAPL,1328020230,P,1390021200,675.0,455.25,232.4,236.4
AAPL,1328020230,P,1328245200,500.0,455.25,42.5,46.6
AAPL,1328020230,P,1328245200,505.0,455.25,47.5,51.65
AAPL,1328020230,P,1328245200,390.0,455.25,0.01,0.04
AAPL,1328020230,P,1328245200,395.0,455.25,0.0,0.04
AAPL,1328020230,P,1328245200,510.0,455.25,52.5,56.6
AAPL,1328020230,P,1329541200,220.0,455.25,0.0,0.02
